Timestamp,Your Survey-ID,How old are you? ,Your gender?,Where do you currently live?,Highest Completed Education,"Indicate how important each of these is a guiding principle in your life… (1: not at all important, 5: extremely important [Social power, control over others, and dominance]","Indicate how important each of these is a guiding principle in your life… (1: not at all important, 5: extremely important [Wealth, material possessions, and Money]","Indicate how important each of these is a guiding principle in your life… (1: not at all important, 5: extremely important [Family security and safety for loved ones]","Indicate how important each of these is a guiding principle in your life… (1: not at all important, 5: extremely important [Self-discipline, self-restraint, resistance to temptations]","Indicate how important each of these is a guiding principle in your life… (1: not at all important, 5: extremely important [A varied life, filled with challenge, novelty and change]","Indicate how important each of these is a guiding principle in your life… (1: not at all important, 5: extremely important [An exciting life, stimulating experiences]","Indicate how important each of these is a guiding principle in your life… (1: not at all important, 5: extremely important [Equality, equal opportunity for all]","Indicate your level of agreement with the following statements... (1: totally disagree, 7: totally agree) [I consider how things might be in the future, and try to influence those things with my day to day behaviour]","Indicate your level of agreement with the following statements... (1: totally disagree, 7: totally agree) [I am willing to sacrifice my immediate happiness or well-being in order to achieve future outcomes]","Indicate your level of agreement with the following statements... (1: totally disagree, 7: totally agree) [I think that sacrificing now is usually unnecessary since future outcomes can be dealt with at a later time.]","Indicate your level of agreement with the following statements... (1: totally disagree, 7: totally agree) [People who say we shouldn’t tamper with nature are being naïve]","Indicate your level of agreement with the following statements... (1: totally disagree, 7: totally agree) [I would prefer to live in a world where humans leave nature alone]","Indicate your level of agreement with the following statements... (1: totally disagree, 7: totally agree) [If things continue on their present course, we will soon experience a major ecological catastrophe]","Indicate your level of agreement with the following statements... (1: totally disagree, 7: totally agree) [The so-called “ecological crisis” facing humankind has been greatly exaggerated]","Please complete the phrase and elaborate:

Carbon Dioxide Removal is an opportunity to...","Indicate your level of agreement with the following statements... (1: totally disagree, 7: totally agree) [I am confident I know what climate change is]","Indicate your level of agreement with the following statements... (1: totally disagree, 7: totally agree) [I am confident I know the causes of climate change]","Indicate your level of agreement with the following statements... (1: totally disagree, 7: totally agree) [Climate change is a serious problem]","Indicate your level of agreement with the following statements... (1: totally disagree, 7: totally agree) [I am personally affected by climate change]","Indicate your level of agreement with the following statements... (1: totally disagree, 7: totally agree) [I am very worried about climate change]","Indicate your level of agreement with the following statements... (1: totally disagree, 7: totally agree) [I am confident I know the basics of CDR]","Indicate your level of agreement with the following statements... (1: totally disagree, 7: totally agree) [I am confident I have advanced knowledge of CDR]","Indicate your level of agreement with the following statements... (1: totally disagree, 7: totally agree) [I am confident I could explain what CDR is to others]","Indicate your level of agreement with the following statements... (1: totally disagree, 7: totally agree) [I am confident I could teach others what CDR is and how it works]"
04/11/2023 02:14:13,GAFEMU26,42,Male,Canada,Bachelor's,3,3,5,3,4,4,4,5,5,3,2,4,6,1,"limit climate change, buy us time to find non-carbon alternatives for hard to abate processes, and possible reverse some global warming.",6,6,7,7,6,4,1,4,2
04/11/2023 06:35:44,LAAUSE31,36,Female,United States of America,Bachelor's,2,3,5,3,5,5,5,6,7,2,3,2,7,1,Save the planet in many wacky and wonderful ways. There are so many ingenious solutions people have come up with that I have hope that we can get them up to the scale we need.,7,7,7,7,7,4,1,6,5
04/11/2023 08:41:25,MOFELY02,39,Female,Switzerland,Master's,4,4,4,4,5,5,5,6,5,3,6,5,7,1,Create an impact in solving one of the biggest global challenge of our time.,5,5,7,4,6,3,1,2,1
04/11/2023 13:49:43,JASEHI27,45,Male,United Kingdom,Bachelor's,3,3,4,4,5,4,4,6,4,3,2,4,7,1,"have a huge impact on saving the planet. I understand it to be an underinvested/supported area, but a necessary thing to happen to keep within the Paris Agreement goals on climate change.",7,7,7,6,7,5,3,5,3
05/11/2023 03:11:22,ELJUDC15,27,Female,United States of America,Bachelor's,2,4,5,2,5,4,5,5,3,3,5,3,6,2,avert climate catastrophe by helping us reverse course on some of the harms we've caused and buy us time to find more eco friendly alternatives,6,5,7,6,6,2,1,2,1
06/11/2023 00:08:16,ardean21,41,Male,Canada,PHD / MBA,3,3,4,4,5,5,4,6,6,4,5,6,7,3,"reduce carbon dioxide, and therefore slow down climate change",7,7,7,7,6,5,4,4,4
06/11/2023 07:20:56,KAMASATH,16,Male,United States of America,High School,2,4,4,5,4,5,5,6,6,2,5,2,7,2,help in the reversal of climate change and provide additional time to stop current pollution,7,7,7,5,4,5,3,6,5
06/11/2023 15:52:20,SAJALO17,53,Male,United Kingdom,PHD / MBA,1,3,5,3,4,4,2,5,6,3,7,5,7,1,"avoid the most cataclysmic temperature increase scenarios and fix some of the problems we have caused over the past 100 years

Without CDR, we have no chance of avoiding a 1.5° and almost zero chance of avoiding a 2° C increase outcome.",6,7,7,2,5,7,2,6,6
06/11/2023 16:11:32,CANOWH01,30,Male,United States of America,Bachelor's,2,3,4,3,3,5,5,7,4,3,3,5,7,1,buy more time for humans to de-carbonize our energy grid before we cause irreversible ecological disaster,7,6,7,7,7,3,2,2,2
06/11/2023 17:10:15,MEFELO21,25,Female,United States of America,Bachelor's,2,4,5,3,5,4,5,4,5,2,3,5,7,1,Engineer a sustainable future,7,6,7,7,7,1,1,1,1
07/11/2023 01:11:53,JUJUSF15,56,Female,United States of America,Master's,1,2,5,5,4,5,5,7,6,2,4,7,7,1,"Limit harm from climate change by helping reduce global temperatures, protect land, water, and vulnerable populations, innovate, create jobs, reduce air pollution",7,7,7,7,7,5,1,5,4
07/11/2023 03:01:15,jamano31,30,Female,United States of America,Master's,3,4,4,3,5,5,5,5,5,3,7,1,7,1,connect western-thinking communities with basic environmental literacy in effort to collaboratively address climate change.,7,7,7,7,7,5,2,4,3
07/11/2023 05:47:39,MAJUWI11,67,Male,United States of America,PHD / MBA,3,3,3,3,4,5,3,6,5,3,6,2,7,1,to accomplish an impossible task that is very necessary and timely,4,5,7,5,7,5,5,5,5
07/11/2023 11:52:15,DOPOLCO13,27,Male,Sweden,Master's,2,4,4,5,5,5,5,6,5,2,2,7,7,1,create a paradigm shift in how humans interact with the world ,7,7,7,7,6,7,6,7,7
07/11/2023 12:56:55,LESEHE03,39,Female,Switzerland,PHD / MBA,1,2,4,4,4,3,5,6,4,1,1,2,6,1,lessen the effects of climate change. It's a very important part of a myriad of solutions to help save the planet that is being devastated by human activity and behavior.,7,7,7,5,7,6,2,4,3
07/11/2023 14:48:11,DRFESA22,35,Male,United Kingdom,Master's,2,2,5,4,4,4,4,5,5,2,4,6,7,1,Innovate around a stagnant political battleground of limiting emissions ,6,6,7,4,7,4,1,4,2
07/11/2023 19:32:08,SUSEPOM13,28,Female,United States of America,Bachelor's,1,2,5,3,5,5,5,7,6,1,4,5,7,1,"actively remove pollutants from the air while trying to reach and catch up to our lofty and necessary goals/laws around CO2 levels, etc",6,5,7,7,7,2,1,2,1
08/11/2023 15:55:00,CHDEST18,41,Male,Sweden,Master's,1,4,4,2,3,3,4,5,5,1,6,3,7,1,continue a civilised life on the only planet we have.,6,6,7,4,6,5,3,6,6
08/11/2023 17:17:45,MASECA20,32,Female,Italy,Master's,2,4,5,3,5,5,5,7,6,2,3,2,7,1,"reshape our environmental legacy, to not just mitigate the effects of our industrial past but actively work towards a cleaner, more sustainable future. It's a chance to employ innovative technologies and natural solutions that can restore balance to our atmosphere, presenting a unique convergence of environmental stewardship and scientific advancement. By removing excess carbon dioxide, we can help stabilize climate patterns, rejuvenate oceanic health, and even create new industries and jobs centered around green technologies.",6,6,7,6,6,6,2,7,6
14/11/2023 22:59:30,KPMAABSU,30,Male,Ghana,Bachelor's,1,1,5,5,5,1,5,7,7,1,1,7,7,1,Find solution to mitigating the excessive carbon content in the atmosphere.,7,6,7,7,7,7,5,7,7
27/12/2023 04:42:42,MUAUAN04,18,Female,Uzbekistan,High School,5,3,5,5,5,5,5,4,4,2,3,4,3,1,Carbon Dioxide Removal is an opportunity to breathe freely,5,6,7,6,7,3,2,2,1
27/12/2023 04:55:18,AmMaBu28,37,Male,United Arab Emirates,PHD / MBA,2,3,5,3,4,4,4,7,6,3,4,5,5,3,Reshape our world and our global economy,5,5,5,2,3,6,4,7,6
27/12/2023 04:55:59,REOCYO19,29,Male,United States of America,Bachelor's,4,4,4,4,4,4,4,4,6,2,6,6,6,2,meet IRA GHG goals and save the climate,6,6,6,6,6,4,4,4,4
27/12/2023 05:02:15,SANOGU20,32,Female,India,Master's,3,3,5,4,5,4,4,6,4,2,2,6,7,2,"achieve decarbonization goals and prevent climate change due to accumulation of CO2 in the atmosphere. Technological achievement in CDR area (striking right balance with cost, execution and overall impact) would be the greatest feat of this century. ",7,7,7,7,7,7,6,6,6
27/12/2023 05:34:26,Urjupr30,51,Male,South Africa,Dip. Mech engineering ,1,1,5,5,5,5,5,6,6,2,2,2,7,1,Seize,7,7,7,7,7,6,6,5,5
27/12/2023 05:51:52,KAAULI30,33,Male,United States of America,Bachelor's,1,3,5,4,5,5,5,7,6,2,4,7,6,2,create a sustainable and thriving future for the people of our planet. ,4,4,7,2,4,2,1,3,1
27/12/2023 05:55:43,NEMAKA12,23,Female,India,Master's,4,3,5,5,5,5,3,3,3,3,1,7,7,1,Nature,2,2,7,7,7,1,1,1,1
27/12/2023 06:00:48,UMJUCO29,27,Male,United States of America,Bachelor's,1,3,4,3,3,3,3,5,6,2,2,6,5,2,help fight climate change,3,3,4,3,4,1,1,1,1
27/12/2023 06:06:29,RAAPMA18,23,Male,India,Bachelor's,4,4,5,5,4,5,4,6,6,1,2,7,7,1,Rebuild the planet,6,6,7,5,6,5,4,4,4
27/12/2023 06:17:45,RAAPDE04,29,Male,India,Master's,5,5,5,5,5,5,5,7,6,1,5,5,7,3,bring the global temperature at manageable level,7,6,7,7,6,7,7,7,7
27/12/2023 07:08:52,JaFeCl22,39,Female,United States of America,Master's,1,4,5,3,5,5,5,1,2,6,3,2,1,7,help with the environmental crisis as clearly we are not acting fast enough ,7,7,7,7,7,7,4,5,4
27/12/2023 07:10:23,GRNONA27,35,Male,Kenya,Master's,1,1,5,5,5,5,5,6,7,2,5,5,7,2,build a better future,7,7,7,7,7,5,4,3,3
27/12/2023 07:42:04,MAMAVI20,51,Male,Netherlands,Master's,2,4,5,4,4,4,5,5,4,3,6,5,5,3,carefully explore,5,3,6,2,3,6,4,6,4
27/12/2023 08:23:45,MAFEAV5,33,Male,United States of America,Bachelor's,1,3,3,4,4,4,3,4,6,3,4,4,4,4,work on an interesting problem that has a potential to make a huge difference in the word,4,4,4,4,4,1,1,1,7
27/12/2023 08:29:46,ARFEHY22,34,Male,India,Master's,4,3,5,5,5,5,4,5,6,2,7,1,7,1,Ensure we do not go down a path of climate catastrophe - We absolutely need CDR in addition to emissions reductions,5,5,6,5,5,5,2,3,2
27/12/2023 08:43:46,ANFETE05,36,Male,Spain,Master's,1,3,5,3,4,4,5,6,5,2,3,3,5,1,Put a break on the most pressing issue on climate change without compromising biodiversity ,6,5,6,4,4,2,1,2,1
27/12/2023 09:25:06,NAJUBO3,42,Female,Ukraine,Master's,2,2,3,4,4,3,4,6,6,3,4,2,6,2,"To introduce a new system of economics, to unite people around the globe, to learn more about nature and the planet and our role as caretakers",4,5,6,6,6,5,2,5,3
27/12/2023 09:31:13,Elmaha20,35,Female,Germany,Master's,2,4,5,3,5,5,5,6,6,3,3,5,6,2,Help our planet heal. Do something meaningful for humanity,6,5,7,6,5,1,1,1,1
27/12/2023 09:35:55,TEOCOD31,43,Male,United States of America,PHD / MBA,1,1,5,3,5,5,5,7,5,5,1,5,3,7,Harvest and reuse the valuable commodity,7,7,4,6,6,5,5,5,5
27/12/2023 10:39:57,midesa25,48,Female,Germany,Master's,1,1,4,4,5,3,5,7,7,1,6,7,7,1,"change the future and the course of human knd. We have now the ability to change how things are heading and decide how the future generations will live. We are reaching the tipping point, it's already too late to wait. ",5,5,6,6,7,4,2,2,2
27/12/2023 10:57:00,ANFEAL01,45,Male,Spain,Master's,2,3,5,4,5,5,5,6,6,2,7,5,7,1,reach the 1.5 C degrees path required to make long term living on earth possible. Plus CDR technology will make it possible to create lots of carbon-based products that are currently made from crude oil and instead make those from CO2 removed from the air.,7,7,7,5,7,7,5,5,5
27/12/2023 11:22:26,VAJUCH11,30,Female,Kenya,Bachelor's,2,5,5,5,4,3,3,4,6,3,1,5,7,7,Save our planet ,4,3,4,5,5,2,1,1,1
27/12/2023 12:03:11,LUAUMI2,30,Male,Belgium,Master's,1,3,4,2,5,4,4,5,3,1,1,3,7,1,reverse humanity's negative impact on the climate and build a better future.,5,5,7,6,6,6,3,5,2
27/12/2023 12:07:24,MUJAIS26,38,Male,Bahrain,Master's,1,1,5,5,4,5,5,6,5,2,4,4,7,2,"save the planet, our children and their next generations (and non-humans) from the risk of extinction. ",6,6,7,7,7,5,5,5,4
27/12/2023 12:19:06,SVJUMI05,36,Male,Estonia,PHD / MBA,3,3,5,4,5,5,5,6,5,2,4,5,7,1,"help the effort to slow down climate change and reach Paris Agreement objectives. We need to do CDR since there is alreadly so much CO2 in the atmosphere and it has a lifetime of ~100 years and keeps warming the atmosphere.

It's important to note CDR is supporting and NOT replacing the efforts of phasing out fossil fuel use and can't be used as an excuse to keep using fossil fuels.",7,7,7,5,7,6,4,6,5
27/12/2023 13:37:41,SONOUM17,25,Male,India,Bachelor's,3,3,4,5,4,4,4,5,4,2,1,1,7,7,"Reduce net emissions i.e. also removing CO2 that has already accumulated in the atmosphere.CDR can be significant way to achieve net-negative emissions to GHG emssiosn and Lower global temperature,",6,6,7,5,7,5,3,5,2
27/12/2023 14:11:18,MIAUCH10,33,Female,United States of America,Master's,2,3,5,2,5,5,5,7,5,1,7,2,7,1,slow carbon emission rates while the global energy mix transitions to cleaner energy sources,7,7,7,3,7,7,5,7,5
27/12/2023 14:13:49,SEAUAI31,23,Female,France,Master's,2,3,5,3,4,5,4,6,6,2,3,4,5,2,Buy us some time to change societies towards more sustainable ones.,7,7,7,3,4,4,1,4,1
27/12/2023 14:24:03,LUJUJU22,29,Female,United Kingdom,Master's,2,2,3,2,5,5,5,6,3,4,1,4,7,1,tackle the climate crisis as a whole. There's no future without carbon removal (at the same time we mitigate GHG emissions!),7,7,7,5,7,6,3,3,3
27/12/2023 14:30:22,SOJUDU29,27,Male,United Kingdom,Bachelor's,2,4,5,3,4,4,4,5,3,3,3,3,5,3,Extend how long humanity can thrive on Earth,6,6,7,4,5,5,3,4,4
27/12/2023 14:54:40,MAOCBE8,28,Male,Frances,Master's,3,4,5,5,5,5,5,4,6,2,5,4,5,2,remove CO2 from the atmosphere and lessen the impact of climate change,5,5,7,6,6,1,1,1,1
27/12/2023 14:55:02,SUMARO25,44,Male,United States of America,Bachelor's,2,1,5,3,5,5,5,5,6,4,4,4,6,1,Transition to a just technological society that can build with sustainable intention,6,6,7,5,6,5,2,5,4
27/12/2023 15:59:56,Brmaos12,41,Male,Canada,PHD / MBA,2,3,5,3,5,5,5,7,6,3,3,1,7,1,Give us more time to learn to appreciate the gifts of nature,7,6,7,5,6,2,1,2,1
27/12/2023 16:17:19,MAJUBA02,23,Female,Switzerland,Bachelor's,2,3,5,5,5,5,5,6,4,6,4,4,7,3,leave a better world for future generations,5,6,7,4,5,6,3,3,2
27/12/2023 17:02:37,GRMAMI03,40,Male,United States of America,Master's,3,3,3,3,3,3,3,4,4,4,5,3,5,3,Rebalance our climate,5,5,6,5,6,5,4,5,5
27/12/2023 17:07:55,GRDEEL9,29,Female,United States of America,Master's,2,3,4,3,5,5,3,5,6,2,3,5,7,1,Make up for what humans have done to the planet and create a future that is bright,7,7,7,7,7,5,3,7,6
27/12/2023 17:12:40,ROSECA22,52,Male,United States of America,PHD / MBA,2,2,4,5,5,5,3,5,7,1,4,3,6,3,reduce government control over individual rights.,4,3,6,6,4,6,4,3,2
27/12/2023 17:14:47,HAAPRO18,70,Male,United States of America,BA/MD,3,2,5,4,5,3,4,6,7,3,2,3,7,2,… impact in a significant way the issue of rising human triggered fossil fuel released CO2,6,5,7,6,7,5,5,5,5
27/12/2023 17:15:08,SUOCBE02,39,Male,United States of America,Master's,1,4,5,3,5,5,5,5,3,3,4,5,6,1,Mitigate the harm that humans have caused to the atmosphere by burning fossil fuels and limit temperature increase.,7,7,7,6,2,3,2,2,1
27/12/2023 18:51:48,GESENE20,68,Male,United States of America,Bachelor's,2,3,5,3,5,5,4,6,5,2,4,4,7,1,"have an impact on the ongoing habitability of the earth for many species. However, I am concerned that the ability to remove carbon dioxide may be construed as a license to produce more of it. I'm convinced that even if we could change our way of life tomorrow to one with no CO2 emissions, we would still need to remove a lot of CO2 to reduce the effects of the CO2 that has already been released. The problem is that removal is an unproven technical initiative which is attractive to techies like me, but energy conversion is more of a socio-economic challenge. We know how to produce green energy and change development patterns, but we don't really want to. ",7,7,7,7,7,7,3,7,4
27/12/2023 19:18:02,HEGEMLU19,53,Female,United States of America,Bachelor's,1,2,4,5,5,5,5,5,6,1,2,6,7,1,heal the planet for the future generations.,6,5,6,6,3,3,2,2,1
27/12/2023 19:45:07,MAJUCH21,40,Female,Canada,Master's,2,3,5,3,5,4,5,4,3,2,3,6,7,2,prove that the such mitigation measures can be effective and has the potential to be the POC for other future 'removals' because humans are going to need to use this approach for a long time to come.,6,6,7,4,6,1,1,4,1
27/12/2023 19:47:33,NEDEPE28,27,Female,United Kingdom,Bachelor's,1,2,3,1,2,2,3,6,6,5,5,4,6,2,Restore the planet to healthy levels of warming,7,7,7,7,7,7,5,7,5
27/12/2023 20:05:37,NAJUSA27,37,Female,United States of America,PHD / MBA,2,2,4,2,5,5,4,6,6,2,3,4,6,2,use my scientific background and policy analysis skills to find meaningful work,5,4,5,5,5,2,1,1,1
27/12/2023 20:14:06,DIFESP28,62,Male,United States of America,"JD, Masters",1,5,5,4,5,5,5,6,6,1,7,7,6,2,Reverse the impact of industrialization on the environment,5,5,7,6,7,3,3,3,3
27/12/2023 20:19:47,DOAPRO18,70,Male,United States of America,BA/MD,2,2,3,4,4,3,3,4,3,2,3,2,4,1,Make my grandchildren’s life better,7,6,7,4,7,6,5,5,4
27/12/2023 20:43:26,LOSEWA7,22,Female,United States of America,Bachelor's,1,1,5,5,5,5,3,7,6,2,5,3,6,3,clean up the world,5,5,6,6,3,5,2,4,1
27/12/2023 22:02:00,Assepu09,39,Male,United States of America,Master's,1,1,5,5,5,3,3,6,6,2,2,2,6,4,Get our seasons back,6,6,7,6,7,6,5,6,5
27/12/2023 22:40:32,LAAPFL02,47,Female,Brazil,PHD / MBA,2,3,5,5,5,5,5,6,5,6,2,3,7,2,"
Carbon Dioxide Removal is an opportunity to strengthen planetary health and equity. In the case of soil carbon removal, it allows us to harness the soil's inherent capacity as a carbon sink via regenerative agricultural practices. This method not only ensures food production security but also creates valuable natural assets, funding those driving regeneration. It charts a path towards a restored ecosystem, preserving it for future generations.",6,6,7,6,7,7,6,6,6
27/12/2023 23:03:38,MAJUFI03,37,Diverse,United States of America,Apprenticeship,3,3,5,2,4,4,5,7,6,2,3,5,4,1,…buy us more time to implement carbon neutral and carbon negative technologies and practices.,6,6,7,5,2,4,1,3,1
27/12/2023 23:25:17,NAAUOR26,40,Female,Russia,Master's,4,3,5,2,3,4,4,5,3,5,5,3,4,4,deacrese negative human impact and test for human's creativity ,6,6,5,1,4,1,1,1,1
27/12/2023 23:37:31,REMANE4,28,Female,United States of America,Bachelor's,1,3,5,2,3,3,5,7,6,2,6,3,7,1,"Directly combat human-driven climate change and compensate for perpetrated harm to our planet through investment in technology, innovation, and atmospheric removal.",5,5,7,6,7,5,3,5,3
28/12/2023 00:27:55,Ja,37,Male,United States of America,Master's,2,2,5,2,3,4,4,4,4,4,2,3,6,2,offset greenhouse gas emissions we cannot compress / decrease and ensure a liveable planet for our children.,2,2,7,6,6,2,1,1,1
28/12/2023 00:29:43,GEMATR12,39,Female,United States of America,Master's,1,1,3,4,4,4,5,6,4,2,1,4,6,1,improve humanity's chances to mitigate a bit of the inevitable effects of climate change on Earth,6,6,7,5,7,3,1,2,1
28/12/2023 01:17:24,JUOCSE18,29,Male,Canada,Bachelor's,2,2,4,4,4,4,3,6,5,3,5,4,7,2,explore our silver-lining to live a more equilibrium world with the ecosystem around us. ,6,6,7,5,5,6,5,5,4
28/12/2023 02:13:25,DESEBR18,36,Male,Brussels,Master's,1,3,4,1,5,5,5,7,3,3,1,2,7,1,Contribute to humanity's path to Net Zero,7,7,7,7,6,4,1,3,2
28/12/2023 03:55:31,ANOCAN12,36,Male,United States of America,PHD / MBA,1,3,5,3,5,5,5,6,6,3,4,5,6,2,complement the necessary CO2 mitigation work that needs to be done in tandem.,7,7,7,7,7,5,3,5,4
28/12/2023 04:00:10,JUJUSA15,56,Female,United States of America,Master's,1,2,5,5,3,4,5,7,6,1,6,7,7,1,"Clean the atmosphere and move global temperatures in the right direction so we keep it at 1.5c or below by 2050 and if we can scale the technology we already have fast enough it will be a major part of the solution along with renewable energies. It's also an opportunity to join the green wave and meaningfully contribute to a healthier, more sustainable planet for all of life.",7,7,7,6,7,5,3,4,2
28/12/2023 05:22:32,HEAUCH26,53,Male,United States of America,PHD / MBA,3,4,5,4,4,4,5,6,5,1,1,6,6,1,save the planet for future generations.,5,5,7,6,6,4,2,4,3
28/12/2023 08:38:45,JEJUSI28,36,Female,Singapore,Master's,4,4,5,3,5,5,4,7,6,5,5,6,7,4,Create a sustainable thriving life for humans on earth ,5,5,7,2,4,4,2,3,1
28/12/2023 09:47:17,IRMAGE12,32,Male,Spain,Master's,4,3,3,3,5,3,4,5,5,2,5,4,6,1,Sequester the last percents of hard to abate carbon emissions to reach net zero because otherwise we won't manage ,6,6,7,6,6,5,2,4,1
28/12/2023 09:48:21,RUJUNE30,22,Female,United States of America,Bachelor's,1,4,5,5,5,5,5,7,5,1,6,4,6,1,"create and utilize a wider variety of climate change solutions. Many people put an emphasis on emission reduction, but I believe that adding carbon removal to the array of solutions will help us move even closer to reaching our goal of mitigating this crisis.",7,7,7,2,7,4,1,6,2
28/12/2023 11:25:03,JOFEWA23,28,Female,United Kingdom,Bachelor's,1,2,5,2,4,4,5,6,4,4,5,6,7,1,Provide a tool to adapt and mitigate climate change and irreversible ecological damage; it is necessary but not sufficient.,7,7,7,7,7,5,2,5,3
28/12/2023 12:41:15,TAJANSE4,28,Male,United States of America,Bachelor's,3,3,3,3,5,5,4,5,5,4,6,2,4,4,"drive measurable climate impact at scale, with high levels of variance and uncertainty ",5,5,5,1,3,3,1,2,2
28/12/2023 15:14:59,REJALI22,26,Male,Ireland,Master's,1,3,5,4,5,5,5,5,7,2,4,4,7,2,HELP THE PLANET,5,5,5,3,5,5,4,4,3
28/12/2023 15:44:20,MIMALI5,25,Male,United Kingdom,Bachelor's,1,2,5,4,4,4,5,6,7,1,2,2,4,1,Reach net zero,7,7,7,7,7,1,1,1,1
28/12/2023 17:01:32,PRJAPU10,30,Female,India,Master's,3,3,5,5,5,4,5,5,3,2,3,2,7,1,work towards to limit global warming temperature rise to 1.5 degree celsius,6,6,7,6,7,2,1,1,1
28/12/2023 17:33:09,CLMALI26,30,Female,France,Master's,1,3,5,3,5,5,5,7,6,2,3,4,7,1,innovate,7,7,7,4,7,4,1,3,2
28/12/2023 17:42:35,Anjagi29,37,Male,Sri Lanka,Master's,2,3,4,3,5,5,5,7,5,3,5,6,6,2,Mitigate the worst effects of climate change ,6,6,7,5,5,4,3,4,2
28/12/2023 17:59:23,YUAPMO24,25,Female,United States of America,Master's,3,3,5,3,4,4,5,7,3,1,3,6,7,1,Create a purpose toward protecting our planets natural resources and wildlife,6,6,7,7,7,3,1,3,2
28/12/2023 18:56:58,JUAPSE3,55,Female,United States of America,Master's,2,2,5,4,5,5,5,6,7,2,7,7,7,1,undo some of the damage to the environment. ,6,6,7,6,6,7,6,6,5
28/12/2023 19:16:16,MEAPJI16,40,Male,Canada,PHD / MBA,3,3,5,5,3,3,3,5,5,4,4,5,6,4,Protect the wellbeing of humanity and keep our planet healthy for generations to come.,5,6,6,5,5,4,4,5,4
28/12/2023 20:50:27,frmapa05,50,Male,United States of America,Master's,1,3,5,4,5,5,4,5,5,2,1,4,7,1,minimize climate change,6,7,7,7,3,3,1,3,1
28/12/2023 20:51:59,ZHNOTA02,32,Female,Armenia,PHD / MBA,3,2,5,5,5,5,5,6,6,2,5,6,5,5,to protect our planet from global warming.,5,5,6,3,6,3,2,2,1
28/12/2023 21:01:56,cafeme10,52,Male,United States of America,Bachelor's,2,3,4,3,4,4,4,5,5,2,4,4,5,3,mitigate global climate change and close the gap between hard to abate emissions and net zero commitments. ,5,5,6,6,5,3,2,3,2
28/12/2023 21:18:09,KAMASP30,34,Male,United States of America,Bachelor's,3,3,3,3,5,5,5,7,7,2,5,5,7,1,limit global warming to less than two degrees Celsius compared to pre-industrialization levels while we develop alternative fuels and more permanent methods of reducing our carbon impact on the environment,6,5,7,7,7,5,2,7,2
28/12/2023 21:18:38,ANDEED26,28,Female,United States of America,Bachelor's,2,4,5,5,5,5,5,5,5,3,4,3,6,2,Decarbonize and remove excess CO2 on a global scale in order to protect and restore our planet ,5,5,7,4,7,4,2,4,2
28/12/2023 21:20:02,JAAPKA15,41,Male,United States of America,Master's,2,3,5,2,4,4,4,6,6,2,7,4,7,1,make up for mistakes us humans have made in the last 100 years while retaining our sense of entrepreneurship.,6,6,7,5,7,5,2,3,2
28/12/2023 21:22:05,AMSEKO3,56,Male,United Kingdom,Bachelor's,2,3,5,4,5,3,5,6,6,2,6,5,7,7,live sustainably,5,6,7,5,7,4,3,3,3
28/12/2023 22:12:00,ELOCNA18,22,Female,Russia,Bachelor's,1,2,5,3,5,5,5,6,3,3,7,5,7,1,live a better life now and postpone or even avoid a terrific future we’re facing,6,6,7,7,7,3,3,3,3
28/12/2023 22:41:12,LIDEBA14,34,Male,Ghana,Master's,1,2,5,3,5,5,5,6,5,2,4,4,7,1,Reduce the impact of climate change on our future,7,7,7,7,7,5,3,5,4
28/12/2023 22:57:36,NAAPNE15,25,Female,United States of America,Bachelor's,2,3,5,4,5,5,5,7,3,2,6,2,7,2,reduce timeline of a climate generated global catastrophe ,3,4,6,6,6,1,1,1,1
28/12/2023 23:19:46,BAAPBE26,37,Female,United States of America,PHD / MBA,1,3,5,3,4,5,5,5,5,3,5,4,7,1,innovate to add tools to combat climate change,7,6,7,5,7,5,2,6,4
29/12/2023 00:13:27,JEFESY06,66,Male,United States of America,Bachelor's,1,3,5,4,4,4,5,6,5,2,7,4,7,1,clean up our legacy carbon emissions to return to a healthy climate.,7,7,7,5,6,6,2,6,3
29/12/2023 00:51:11,CHJUCH21,24,Female,United States of America,Master's,3,3,5,5,5,5,5,6,6,4,4,5,5,4,slower down the pace of climate change,5,5,6,5,5,6,5,6,5
29/12/2023 02:46:02,TANOKA11,38,Male,United States of America,PHD / MBA,1,2,5,3,3,4,5,5,6,3,7,3,7,1,"buy humanity time while we reduce carbon emissions and head towards ""net zero"".",6,6,7,6,7,5,3,6,3
29/12/2023 06:12:17,LIAPCH11,27,Male,United States of America,Bachelor's,2,3,3,2,4,4,3,5,5,2,3,3,7,1,Undo the damage we have already done and prepare for a future which requires CDR.,6,5,7,6,7,5,2,4,2
29/12/2023 07:11:59,YUAPMO24 ,25,Female,United States of America,Master's,3,3,5,2,4,4,5,7,3,2,2,6,7,1,Create a purpose in protecting natural resources and environment ,6,6,7,7,7,2,2,2,2
29/12/2023 08:20:53,BEDEKU09,30,Male,Ghana,Bachelor's,4,3,3,4,4,4,3,3,3,2,3,4,7,1,explore diverse ways of removing carbon dioxide from the atmosphere to help reduce impacts of climate change ,7,7,7,7,7,3,2,2,2
29/12/2023 10:12:54,BONOTR3,25,Male,Italy,Master's,2,3,5,5,5,5,4,7,7,1,2,1,5,2,Do something good for the planet and create a sustainable economy,5,5,6,5,4,3,2,2,2
29/12/2023 11:32:24,GAAUPI28,37,Male,Germany,Master's,2,4,4,5,4,4,4,6,6,2,6,2,5,2,limit the harm on our environment and social life.,5,5,7,3,7,5,3,6,4
29/12/2023 12:07:27,KAOCKA30,32,Male,India,PHD / MBA,1,3,5,4,5,4,5,5,5,3,1,6,6,1,"To create impact in scale and permanence which hasn't been achieved in initiatives in the past, especially at enterprise level. ",6,6,7,6,6,2,1,2,3
29/12/2023 12:31:43,TRDENY02,28,Male,United States of America,Bachelor's,3,2,5,3,5,5,5,7,7,2,3,3,6,2,Save the planet.,6,6,7,5,6,5,3,5,6
29/12/2023 12:48:30,HEJUMU31,25,Male,India,Bachelor's,3,3,5,5,5,5,5,7,7,2,4,4,5,2,to combat climate change,7,6,7,5,7,7,5,7,5
29/12/2023 12:56:45,LADELI19,29,Female,Russia,Bachelor's,1,4,5,3,5,5,4,6,6,3,1,6,7,2,Save wild nature for the future generations and prevent climate disaster,3,4,7,6,7,3,1,2,1
29/12/2023 13:05:08,ATMARCH26,27,Female,United Kingdom,Master's,2,2,4,2,4,4,4,3,3,1,3,1,4,1,Take accountability for our actions as humans. ,4,4,4,4,4,3,1,2,2
29/12/2023 13:45:24,SADEGA4,29,Female,Israel,Master's,2,4,5,4,5,5,5,5,4,4,6,3,6,2,Help turn net-zero ambitions into more than just lip service. ,6,6,7,6,7,2,1,2,1
29/12/2023 16:43:05,STOCSE05,34,Female,United Kingdom,Master's,4,4,4,4,4,4,3,6,7,1,4,5,7,1,time travel,6,6,7,3,6,6,5,5,4
29/12/2023 17:04:50,CHAUUE24,28,Female,United States of America,Master's,3,3,5,4,5,5,5,6,6,5,5,5,6,4,Tackle the immediate carbon and climate crisis while also creating new value ,7,7,7,5,7,7,6,7,5
29/12/2023 18:29:26,TAFEPI-23,43,Male,Austria,Master's,3,3,5,3,4,4,5,5,5,2,2,6,6,2,draw down atmospheric carbon.,6,6,7,5,7,3,1,1,1
29/12/2023 18:40:33,NAMAVL21,28,Female,Russia,Bachelor's,1,3,5,5,5,5,5,7,7,1,7,7,7,3,Slow down the environmental crisis and save our planet,5,6,7,7,7,5,5,7,7
29/12/2023 18:57:58,EVOCCH07,36,Male,United Kingdom,PHD / MBA,4,4,5,3,5,4,4,7,6,3,5,2,7,1,rebalance the earth,6,6,7,5,7,5,1,5,4
29/12/2023 20:09:42,GEMAWA08,40,Male,United States of America,PHD / MBA,2,4,4,5,5,4,5,6,6,4,3,3,7,1,Reclaim our path to 1.5*,7,7,7,7,7,4,1,6,2
29/12/2023 20:09:53,SIJUBE28,29,Female,Indonesia,Master's,2,4,5,4,4,3,3,6,6,2,1,6,7,1,Removing CO2 from the atmosphere,5,5,7,6,7,2,1,1,1
29/12/2023 21:30:29,HEJUTO15,47,Male,Canada,Master's,2,3,5,2,5,5,4,5,5,3,4,4,6,1,Create Value and Manage one aspect of our impact on our planet.,5,5,7,6,6,3,2,2,2
30/12/2023 03:54:26,MEFEKE08,44,Male,United Kingdom,PHD / MBA,1,2,4,4,5,5,5,5,5,2,7,4,7,1,"develop innovative solutions through wide stakeholder engagement, delivering on both environmental and commercial benefits.",5,5,7,7,7,4,2,2,1
30/12/2023 07:38:56,BCMANT25,25,Male,Taiwan,Bachelor's,3,5,3,4,5,5,4,6,6,4,6,2,7,1,Carbon Dioxide Removal is an opportunity to Solve Climate Problem,6,6,7,5,5,6,6,5,5
30/12/2023 10:05:27,ST10BU20,33,Male,Germany,Master's,2,3,3,3,5,5,4,5,5,3,5,4,6,2,make an impact. Clean up what we've messed up so far. ,5,5,6,3,4,3,2,4,1
30/12/2023 16:33:16,Elfeha22,47,Female,United States of America,Bachelor's,1,2,5,3,5,5,5,6,4,1,3,5,7,1,To live a healthier more inspired life.,6,6,7,4,7,3,2,2,2
31/12/2023 10:06:34,Rojumyth,22,Male,India,Bachelor's,5,5,5,5,5,5,5,7,7,7,6,6,6,6,Become the person to save our only place to live that is earth ,3,4,4,2,6,2,1,1,2
31/12/2023 11:07:46,SUAPKA16,20,Female,India,High School,2,4,5,4,5,5,5,5,5,2,2,4,5,3,Reverse climate change,5,5,6,3,5,3,1,1,1
31/12/2023 14:59:37,ANFEDE25,31,Female,Belgium,Master's,2,2,5,3,5,5,5,3,6,2,2,2,7,1,Solve climate change ,7,7,7,3,6,5,3,5,3
31/12/2023 15:25:27,PASEBH02,30,Male,France,Master's,3,2,5,5,5,4,5,6,5,2,2,6,7,1,to fight against climate change,7,7,7,6,7,4,3,5,4
01/01/2024 14:16:45,MA06NI01,43,Male,Brazil,Master's,2,2,4,4,4,5,4,7,5,2,1,4,7,1,find funds for more Climate Change projects that now have difficulties to net funded,7,7,7,7,6,6,4,5,5
01/01/2024 18:17:33,CLMAHE6,36,Female,United States of America,Master's,3,2,5,4,5,4,3,6,6,1,4,5,6,2,better the world we live in,6,5,7,6,5,4,2,2,2
02/01/2024 04:53:47,KAOCNE03,40,Male,United States of America,PHD / MBA,3,3,2,1,5,5,3,7,7,2,6,4,6,2,stabilize the temperature of the planet.,7,7,7,7,6,6,3,4,4
02/01/2024 05:04:16,JEMACH15,39,Female,United States of America,PHD / MBA,1,3,5,4,4,5,5,6,7,6,3,4,4,3,remove CO2 which is particularly hard to abate as well as being likely essential in limiting global warming to 1.5 degrees.,5,5,7,7,7,6,4,4,4
02/01/2024 06:55:49,MAJUOA09,56,Male,United States of America,Bachelor's,2,2,5,4,5,5,5,7,4,3,5,3,7,1,...bring all of my talents to bear to solve this global issue; I will apply my entrepreneurial experience in conceiving technologies and developing new products to solve this.,7,7,7,7,5,6,7,7,6
02/01/2024 16:17:08,MADEBE17,46,Male,United Kingdom,Master's,1,2,5,2,5,5,5,7,5,6,7,7,7,1,withraw emissions that we are not able to reduce,7,7,7,5,7,5,5,5,4
02/01/2024 21:28:48,SUMARO25,44,Male,United States of America,Bachelor's,1,1,5,4,5,4,5,6,6,2,4,3,7,1,for our species to work together and take control of its destiny ,5,6,7,3,5,5,4,6,4
02/01/2024 23:05:07,CLMAMI23,41,Female,United States of America,Master's,2,2,4,2,5,5,5,6,5,3,5,4,6,2,help avert ecological catastrophe,5,5,6,7,7,2,1,2,1
03/01/2024 16:36:21,ELDEBO20,26,Female,Colombia,Bachelor's,3,4,5,4,5,5,5,6,6,4,4,5,7,3,climate change mitigation,7,7,7,7,7,4,4,4,4
05/01/2024 11:31:29,YVJUZU07,25,Female,Switzerland,Bachelor's,1,3,5,4,5,5,5,6,6,2,4,5,7,1,Remove historical emissions and make sure humanity stays on track for 1.5C,7,7,7,7,7,7,6,7,7
05/01/2024 14:11:02,ELFECH15,33,Female,Belgium,Master's,1,3,5,3,5,5,5,5,4,2,5,3,7,1,...complement emission reductions and successfully tackle climate change.,7,6,7,5,7,7,4,4,2
20/02/2024 03:34:50,huapan11,40,Male,United States of America,Master's,2,3,5,4,4,3,4,7,6,5,5,3,6,2,"counteract the most difficult to abate emissions, mitigate excess CO2 already in the atmosphere, and set a price on carbon capable of removing emissions as a market externality.",6,6,6,5,6,5,4,5,4
20/02/2024 03:45:18,LIFEBO01,24,Male,United States of America,Bachelor's,4,3,5,3,4,4,3,4,4,3,4,4,2,2,"Provide leeway for mankind to stave off the worst potential effects of climate change without having to abate >90% of implied future emissions, which is an impossibility. ",2,2,4,4,4,3,1,1,1
20/02/2024 04:30:50,RASEHY27,24,Male,United States of America,Master's,2,4,4,4,4,4,4,4,6,6,4,6,6,2,"Carbon Dioxide Removal is an opportunity to address one of the most pressing challenges of our time: climate change. By removing CO2 from the atmosphere, we can significantly reduce the impacts of global warming, such as rising temperatures, sea-level rise, and extreme weather events. Additionally, Carbon Dioxide Removal offers a pathway to achieve net-zero emissions, a crucial goal in mitigating climate change and transitioning to a sustainable future. This technology also opens up possibilities for innovative solutions and collaborations across sectors, driving the development of new industries and creating economic opportunities. Overall, Carbon Dioxide Removal presents a transformative opportunity to protect our planet and ensure a livable environment for future generations.",6,6,6,4,6,6,5,6,6
20/02/2024 05:22:47,RAJUAD3,24,Male,Ethiopia,Bachelor's,1,2,5,5,5,5,5,3,6,3,4,4,5,3,"Innovate, every challenge presents untapped opportunity to create innovative solutions. ",4,4,6,6,6,3,2,4,3
20/02/2024 05:31:07,KEDEAN01,29,Female,Qatar,Master's,4,3,4,4,5,5,5,7,6,3,4,6,7,1,Make sure our world doesn't go above 1.5C,6,6,7,2,7,3,2,2,2
20/02/2024 05:34:59,SADEAG13,35,Male,India,PHD / MBA,3,3,5,4,5,5,4,4,4,1,2,4,5,2,correct what we have done in the past.,5,5,6,6,6,4,3,3,2
20/02/2024 05:48:48,GOAPNE22,48,Male,United States of America,Master's,1,3,5,3,5,5,3,5,5,2,4,2,6,6,collect an abundant waste product and turn it into useful things. It's an opportunity to create a new industry that will help mitigate climate change.,5,5,7,7,6,4,2,4,2
20/02/2024 06:09:53,KISEAH23,28,Male,India,Bachelor's,4,3,4,5,5,5,5,6,6,1,2,7,7,5,"Correct the course of timeline we are proceeding. A must do project for nature, self, family, society, nation, continent, globe and mankind.",7,6,6,6,6,4,3,4,4
20/02/2024 06:17:28,KISEAH23,28,Male,India,Bachelor's,4,4,4,4,4,4,4,6,6,6,6,6,6,5,"To correct the course of timeline we are approaching for better nature, self, society, nation, globe, and environment.",5,5,5,5,6,5,4,4,4
20/02/2024 06:59:14,VIMAHY30,52,Male,India,Master's,1,3,5,3,5,5,5,4,4,1,5,4,7,1,Reduce climate change,2,7,7,2,7,1,1,1,1
20/02/2024 07:02:52,Ce,27,Male,United States of America,Master's,1,4,5,5,5,5,5,7,7,1,1,1,7,1,save the planet,7,7,7,7,7,7,7,7,5
20/02/2024 07:30:59,ANJAGI29,38,Male,Sri Lanka,Master's,2,3,5,4,5,5,5,5,6,2,6,6,7,2,Help us prevent the worst possible outcome,7,6,7,7,7,5,4,5,2
20/02/2024 09:07:56,SINOAB20,30,Male,Nigeria,Bachelor's,2,1,1,1,1,1,1,1,2,3,1,1,2,2,"Mitigate climate change by directly removing existing carbon dioxide from the atmosphere to reimagine our relationship with nature, restore hope and build resilience",2,3,2,2,1,2,3,2,3
20/02/2024 09:55:20,SNAUCH29,25,Female,Belgium,Master's,2,3,4,3,5,5,5,5,4,3,3,3,7,1,compensate for our excessive emissions in the past and make sure we reach climate neutrality,6,6,7,4,7,4,1,4,1
20/02/2024 09:59:12,LODECL22,31,Male,France,Master's,3,3,4,2,5,5,3,6,5,2,2,3,6,2,clean up the mess that we have put ourselves into ,6,6,6,2,5,6,4,3,1
20/02/2024 10:13:59,YA09KL04,26,Male,Malaysia,Bachelor's,2,4,5,5,5,5,5,2,5,6,3,7,7,2,right our wrongs,7,6,7,7,6,6,2,7,7
20/02/2024 10:21:15,ELAPST24,42,Female,France,PHD / MBA,1,1,4,3,5,5,4,7,2,3,4,4,7,1,remove greenhouse cases out of the atmosphere/oceans and slow down global warming. CDR will be needed even if the transition to green energy is successful.   ,7,7,7,7,7,3,1,3,1
20/02/2024 10:32:58,SAAULU3,27,Female,United Kingdom,Master's,5,5,5,5,5,5,5,7,5,2,3,4,5,4,improve our health and reduce climate change ,6,6,6,6,6,6,6,6,6
20/02/2024 10:35:39,VIMACA15,27,Female,France,Master's,4,5,5,4,4,5,4,6,6,1,4,5,7,1,mitigate climate change and reduce carbon emissions while increasing prosperity,7,7,7,4,7,6,5,5,5
20/02/2024 10:50:44,ANFEDE25,31,Female,Belgium,Master's,1,3,5,3,5,5,4,3,6,5,6,4,7,2,reverse what damage has been done,7,7,7,7,7,4,2,4,4
20/02/2024 11:48:35,ORMAMI19,52,Male,Portugal,Master's,2,4,4,4,4,5,5,7,7,1,7,4,7,1,improve the environment and change business mindset that should become more social business than pure profit,7,7,7,4,7,4,4,3,3
20/02/2024 12:36:12,OLMADN05,24,Female,United Kingdom,Bachelor's,3,3,4,3,4,5,3,6,5,3,3,3,5,2,Reduce the negative impact of humans on the environment in the long-term,5,4,6,3,4,3,2,2,2
20/02/2024 13:00:21,MASEAS25,41,Male,United Kingdom,PHD / MBA,1,4,5,4,5,4,3,7,7,1,7,7,7,1,reverse the impact of industrial scale burning of fossil fuels,6,6,6,6,6,2,1,1,1
20/02/2024 13:14:59,JAAUCR10,25,Female,United Kingdom,Master's,1,3,5,3,5,4,5,5,7,2,3,4,6,2,work towards climate change mitigation. ,6,6,7,6,7,2,1,3,3
20/02/2024 13:26:00,ADAPBU13,33,Male,Argentina,Terciario,5,5,1,5,5,5,5,7,7,1,1,1,1,1,Generate wood which gives us the oxigen we need in order not to hate other oxygen consuming living species nor human beings.,7,7,7,7,7,1,1,1,1
20/02/2024 13:44:35,ROMARI26,31,Male,Germany,Master's,1,2,4,3,3,4,4,6,6,2,3,6,6,2,Contribute to the climate emergency ,4,4,6,4,4,2,2,2,2
20/02/2024 13:54:50,CHSEBE25,26,Male,United States of America,Bachelor's,2,3,4,3,5,5,2,6,4,2,2,5,7,1,address hard-to-abate ongoing emissions and correct for historical outlays. The net zero pathway requires neutralization of emissions (emitted vs. removed) then a net negative trajectory to reach our global warming target. CDR is required for this journey. ,7,7,7,4,6,4,3,4,2
20/02/2024 14:16:34,REAPCA07,47,Male,France,PHD / MBA,1,2,4,4,5,5,5,7,7,2,6,5,6,2,define the next century of human activities,6,6,7,7,7,7,5,6,5
20/02/2024 16:33:30,PAFEHY13,31,Female,United States of America,PHD / MBA,3,4,5,5,5,5,5,6,7,3,2,4,7,1,revolutionize future technologies that can perhaps save the world of a climate catastrophe. ,4,4,7,7,7,1,1,1,1
20/02/2024 16:48:43,MAJUNSE22,33,Male,United States of America,Bachelor + Graduate Certificate,3,4,4,4,4,5,4,6,6,1,2,6,7,2,Take the 1st step to a regenerative capitalism future ,6,5,7,5,7,4,2,3,1
20/02/2024 16:52:43,COSEGR21,25,Male,United States of America,Bachelor's,2,2,4,4,4,5,3,6,5,2,4,5,6,3,"reverse some of the detrimental impact humans have had on the environment and stabilize global warming. However, it is important to acknowledge that CDR is only part of the solution and should be coupled with other decarbonization initiatives to make an outsized impact.",6,5,6,6,6,5,3,4,3
20/02/2024 17:06:34,MIOCBU1,38,Female,Sweden,PHD / MBA,1,2,5,3,4,3,5,6,6,1,3,5,7,1,reverse damage done.,7,7,7,7,7,6,5,6,5
20/02/2024 17:15:55,Maapkr22,29,Female,United States of America,Master's,3,5,5,5,4,5,5,6,7,2,5,4,6,2,Improve ecology ,7,7,7,3,7,4,4,4,4
20/02/2024 17:16:53,MAAPWA02,32,Female,United States of America,Master's,1,2,5,2,5,4,5,6,6,2,3,2,7,1,"proactively mitigate harms from climate change, but it's not a silver bullet - we also need to reduce carbon emissions at the same time which requires more challenging behavior change. ",5,5,7,5,7,2,1,2,1
20/02/2024 17:31:05,TOMAVA03,30,Female,United States of America,PHD / MBA,2,2,3,2,5,5,5,6,6,3,2,3,7,3,fix our mistake of emitting too much of long-lived GHGs in the past,6,7,7,5,7,7,5,6,5
20/02/2024 17:32:19,lejune11,43,Female,Switzerland,PHD / MBA,2,1,5,3,5,5,4,7,6,3,2,3,7,1,continue an energy-intensive lifestyle. CDR allows us to somewhat manage the lifestyle change necessitated by climate change and continue some activities that are fossil-fuel dependent. It also is a bit of an insurance for the (likely) case that we do not reduce CO2 emissions fast enough.  ,7,7,7,3,7,7,7,7,7
20/02/2024 17:36:44,JOMAPO18,38,Female,United States of America,PHD / MBA,2,3,5,2,5,3,4,7,7,1,4,3,7,1,"Reduce greenhouse gases in the atmosphere and thereby reduce rate of global warming, which if not slowed will dramatically change our environmental landscape and weather causing ecological damage, food insecurity and human and animal migration. ",7,7,7,7,7,6,4,3,3
20/02/2024 17:38:22,SADEBR23,39,Female,Canada,Master's,2,3,5,4,5,4,5,6,6,2,1,6,7,1,solve the issues created by industrialization ,6,6,7,7,6,4,3,3,3
20/02/2024 17:47:04,MAMABR13,65,Male,Canada,Bachelor's,1,3,5,4,5,3,5,3,5,1,1,3,5,1,mitigate the impact of the last 200 years of burning fossil fuels,4,2,6,5,4,2,1,2,1
20/02/2024 17:49:14,BOSEEV16,24,Male,United States of America,Bachelor's,3,2,5,5,4,5,4,7,6,2,5,4,7,2,Stop global temperature averages from going up >1.5 degrees celsius by 2050 (data since 1880),5,7,7,5,7,3,1,4,3
20/02/2024 18:13:51,PAJASA6,29,Female,United States of America,Bachelor's,3,3,5,3,4,5,5,5,5,2,2,4,7,2,be a counterbalance to emissions and become an increasingly complementary practice among others for a sustainable future.,5,5,7,7,5,2,1,1,1
20/02/2024 18:56:02,PAAUCH08,31,Male,Canada,Bachelor's,1,3,5,2,5,5,5,4,5,2,3,5,7,1,avoid living in a Mad Max-style hellscape within my lifetime,7,6,7,6,7,4,3,5,2
20/02/2024 19:51:31,SPJUGR03,22,Male,United States of America,Bachelor's,2,3,3,3,5,4,4,6,6,2,3,2,7,3,"return the climate to the holocene. The technology right now is expensive and has limited impact. However, there are exciting methods that can scale, and in the coming decades could be the solution that tips us back into having safe CO2 levels.",6,6,7,6,5,6,5,5,5
20/02/2024 20:29:13,WIJAWA20,47,Male,United States of America,PHD / MBA,1,3,5,4,4,3,5,7,6,2,3,4,6,2,undo the damage that we've already done and continue to do. Trying to change people's behavior alone is unlikely to succeed. ,7,6,7,7,7,5,2,4,4
20/02/2024 21:34:39,LIDEST27,29,Female,United States of America,Bachelor's,1,4,5,5,5,5,5,7,7,1,4,7,7,1,Get our earth back in balance ,6,6,7,7,7,5,2,3,3
20/02/2024 21:36:02,MAJUBU17,36,Male,Italy,PHD / MBA,1,3,5,4,5,5,5,6,6,2,4,3,7,1,"Restore ecologic and climate balance, while generating new ways of coexisting with our planet",6,6,7,6,7,5,4,4,3
20/02/2024 21:59:01,DIAPMO11,40,Male,United States of America,Bachelor's,1,2,4,2,5,5,5,6,6,4,4,4,7,2,"... mitigate the worst effects of climate change and increase our chances of hitting the target of 1.5 degrees or less, and in combination with emissions reductions to eventually (like decades from now probably) return to pre-industrial levels of CO2 in the atmosphere.",6,6,7,7,7,5,3,5,4
20/02/2024 22:52:51,FODENE01,51,Male,Canada,Master's,1,3,5,4,4,4,4,6,6,1,6,6,7,1,first make the transition to a neutral economy more palatable and second save the world.,7,6,7,6,7,5,2,6,2
20/02/2024 23:36:50,REMAHO24,35,Male,United States of America,Bachelor's,2,3,4,3,5,5,3,6,5,5,5,4,5,3,become the masters of the global thermostat.,6,6,6,5,5,6,6,6,6
21/02/2024 01:57:30,DAMASY2,32,Female,United States of America,Bachelor's,1,1,5,4,5,5,5,5,6,1,6,6,7,1,save our planet *when combined with radical efforts to also reduce emissions*.,7,7,7,6,7,3,1,2,1
21/02/2024 03:08:54,LIMACH07,35,Male,United States of America,Master's,3,3,4,4,5,5,5,5,3,2,2,5,7,1,mitigate catastrophic climate change,6,6,7,7,7,6,4,6,3
21/02/2024 03:46:05,HEOCWA02,34,Male,United States of America,PHD / MBA,1,2,4,5,5,5,5,7,7,2,6,2,4,2,"unite scientists, business-minded individuals, and policy-makers to rally behind a cause that is bigger than any one of us and that will take every one of us. ",7,7,7,5,3,7,6,6,6
21/02/2024 04:07:41,Jumasi21,27,Female,United States of America,Master's,2,3,5,4,4,5,5,6,5,3,4,5,7,1,Protect our planet from ecological collapse,7,7,7,7,7,4,3,5,3
21/02/2024 04:24:48,LIJALA8,36,Female,United States of America,PHD / MBA,2,4,5,3,4,4,5,5,6,4,6,5,7,1,Counteract human behavior when it cannot be curbed fast enough ,7,6,7,7,7,5,3,6,5
21/02/2024 05:06:38,NOOCPK29,34,Male,United States of America,Master's,1,2,5,4,3,5,4,7,4,3,4,4,6,7,restore balance to the ecosystem.,6,6,7,7,7,5,4,4,4
21/02/2024 08:57:52,NAAPBU01,26,Male,Argentina,"Bacherlos industrial engineering, it sometimes accounts as MBA also (6 years)",3,3,5,4,5,5,5,7,7,1,4,3,6,2,save the human civilization,5,5,6,7,7,6,6,7,7
21/02/2024 14:38:53,iajama19,40,Female,United States of America,Bachelor's,1,3,5,4,4,5,5,6,7,2,1,6,7,1,potentially maintain our current living standards. ,7,7,7,7,7,1,1,1,1
21/02/2024 15:23:16,MASESH28,44,Male,United Kingdom,Master's,1,2,5,3,5,5,5,5,5,2,5,5,7,1,"Mitigate hard-to-abate / residual emissions, address climate overshoot, support other decarb technologies to reach scale (h2, SAF)",5,5,7,7,7,4,2,3,2
21/02/2024 18:36:04,ROJAET12,52,Male,Canada,Bachelor's,3,4,5,4,5,4,3,7,7,3,5,4,3,5,change the framework,4,4,4,3,2,2,1,2,1
21/02/2024 19:12:47,JOAUCH23,31,Male,United States of America,Bachelor's,1,2,5,3,4,4,5,5,4,3,4,3,5,1,"Bring humanity back down to an acceptable climate range after emissions cuts have been maximized. It's necessary since even maximizing emissions cuts does nothing to curb legacy emissions (nor even zeroes out current emissions under most-all possible scenarios), and given CO2 is stable in the upper atmosphere for centuries, finding ways to integrate it back into the long carbon cycle is one of the only paths to actually bring down global warming over the long term.",6,6,7,5,7,3,1,4,2
21/02/2024 20:15:51,OLJATV27,26,Female,Georgia,Master's,3,4,5,5,5,5,5,7,4,5,4,3,6,3,Live happily together with the nature,7,7,6,7,6,4,4,4,4
21/02/2024 20:16:06, OKAPIZ 20,20,Female,Russia,Bachelor's,4,4,5,5,3,5,5,6,6,5,4,6,6,5,Carbon dioxide removal is an opportunity for all mankind to live in an environmentally friendly environment and have hope for a wonderful future,5,6,7,5,6,4,4,4,4
21/02/2024 21:51:34,LAMALO28,32,Male,United States of America,Bachelor's,1,2,4,5,5,5,4,5,5,1,3,5,7,1,Develop the technologies needed in the near future to remove remaining CO2 from the atmosphere to reduce the effects of global warming and climate change (per the IPCC),7,7,7,7,7,5,2,6,4
21/02/2024 22:11:49,joseok26,48,Male,United States of America,Advanced Sommelier(Court of Master Sommeliers),1,3,5,2,4,4,4,6,5,1,3,4,6,1,"ease the climate transition coming for future generations, and a possible solution to long-term climate regeneration.",7,7,7,6,5,7,5,7,5
21/02/2024 22:14:16,DIJULI13,35,Male,United States of America,PHD / MBA,2,3,2,4,4,2,3,6,6,2,6,5,7,1,Partly restore ecological sustainability ,7,7,7,6,7,3,1,3,1
21/02/2024 23:10:30,ELDEBO20,26,Female,Colombia,Bachelor's,3,4,5,5,5,5,5,6,7,5,7,7,7,2,innovation,7,7,7,7,7,5,5,5,6
21/02/2024 23:33:25,JEAUPA17,24,Female,United States of America,Bachelor's,1,3,3,4,4,3,5,5,5,2,6,3,6,1,Counteract future emissions we do not yet know how to abate and cultivate a new industry.,6,5,7,7,7,4,1,5,4
22/02/2024 00:08:32,KIJUDC12,54,Female,United States of America,Bachelor's,2,2,5,4,4,4,5,7,6,3,2,4,4,1,Mitigate climate change,7,6,7,7,7,4,4,4,4
22/02/2024 00:31:45,ANJUSA13,27,Female,United States of America,Master's,3,3,5,2,5,5,4,6,6,3,4,6,7,2,"prevent abject ecological disaster, only if paired with steep decreases in carbon emissions in the first place. ",7,7,7,7,7,5,4,4,3
22/02/2024 01:02:03,SUOCSA28,42,Male,United States of America,Master's,2,3,5,2,5,5,4,6,5,1,2,5,6,1,help mitigate the consequences of our own CO2 emissions,7,7,7,6,7,5,2,4,2
22/02/2024 03:17:05,RUMAIX29,52,Male,Canada,Master's,2,4,5,3,4,4,4,5,6,1,2,5,7,1,reverse the current disastrous trend of climate change,6,6,7,4,7,7,5,7,4
22/02/2024 04:26:21,LEMAPO13,21,Male,United States of America,Bachelor's,3,4,5,3,4,5,5,5,5,2,2,6,7,1,utilize technology to reach necessary emissions goals to combat climate change.,7,7,7,7,7,6,1,4,4
22/02/2024 16:05:19,MAJUNI01,43,Male,Netherlands,Master's,1,2,5,4,5,4,3,6,6,1,4,3,7,1,"receive fundings for real changes in certain áreas, like regenerative Agriculture, where it is difficult to earn decent money with in current set-up.",5,5,7,6,7,6,5,5,5
22/02/2024 18:42:39,SUAUDE13,32,Male,United States of America,PHD / MBA,1,1,5,5,5,5,4,7,6,2,5,5,7,1,"assist future climate mitigation. The IPCC report is confident that reducing emissions alone is not enough to limit global warming to 1.5 deg C this century, and that CDR efforts will need to be developed and implemented to attain this threshold.",7,7,7,7,7,5,5,7,5
22/02/2024 20:13:39,JANOSF1,35,Male,United States of America,Bachelor's,3,3,5,4,4,4,4,6,6,4,4,3,6,3,"counteract excessive CO2 outputs, rebalance the world's atmosphere, reduce the greenhouse effect, and thus help avoid worse ecological disasters. ",6,6,6,5,6,6,5,5,5
22/02/2024 22:19:06,JORIKL27,36,Male,Lithuania,Bachelor's,3,4,4,3,4,4,3,3,4,1,4,2,4,1,Fight climate change and use innovation to boost carbon capture,2,2,2,2,2,2,2,2,2
22/02/2024 22:22:12,RENOKA27,26,Female,United Kingdom,Master's,2,4,5,4,4,5,5,5,5,4,5,3,7,2,contribute towards the decrease in the cumulation CO2 emissions trajectory as well as search for cobenefits in the process,7,7,7,4,7,5,4,6,5
22/02/2024 22:24:25,Cyapwa20,42,Female,Portugal,Master's,1,2,5,3,5,5,5,6,4,4,5,5,7,1,reach net zero given how slowly / inadequately we are mitigating emissions ,7,7,7,7,7,5,1,3,1
22/02/2024 22:26:28,jasetu25,42,Female,United States of America,Master's,3,2,5,4,5,3,5,7,6,2,2,6,7,1,immediately impact the level of c02 on the planet.,7,6,7,7,7,6,3,5,2
22/02/2024 22:27:54,LIJUDN08,20,Female,Ukraine,Bachelor's,5,5,5,5,5,5,5,7,5,6,5,5,7,1,To mitigate global warming and reduce carbon dioxide emissions. This is one of the most important tools to meet the Paris Climate Agreement and reach net-zero. ,7,7,7,5,7,2,1,1,1
22/02/2024 22:30:04,ELJAAD26,35,Female,United States of America,Master's,1,2,5,5,5,5,5,7,4,4,2,6,7,1,CDR is another technology that we need to have in our toolbox to combat the climate crisis.,7,7,7,7,7,7,4,5,3
22/02/2024 22:30:16,LAJUAL26,58,Female,United States of America,Bachelor's,2,4,5,4,4,4,3,6,5,1,2,2,7,1,Using technology to clean our air and putting together business value standards and processes that enable us to implement this technology.,3,3,6,6,6,4,2,4,2
22/02/2024 22:42:19,HAOCKU26,30,Female,United States of America,Bachelor's,3,3,4,3,4,5,5,7,5,7,6,4,7,1,Mitigate harm already done while finding building infrastructure for alternative forms of fuels ,6,6,7,7,7,2,1,2,1
22/02/2024 22:54:42,dejuco18,27,Male,United States of America,Bachelor's,2,3,5,5,5,5,5,7,7,4,3,7,7,2,complement emissions reduction,7,7,7,7,7,6,3,7,3
22/02/2024 22:55:25,vamate05,42,Female,Canada,Master's,1,3,3,4,5,5,5,5,4,6,2,7,7,2,create sustainable business models and enhance environmental health,5,5,6,3,5,2,2,2,2
22/02/2024 22:56:00,LUFELO27,26,Male,United Kingdom,Bachelor's,2,4,3,3,4,5,4,5,6,3,4,4,6,1,Contribute massively to how we stop the planet from cooking. ,6,6,7,5,7,2,2,2,2
22/02/2024 23:15:47,VIMAJA15,27,Female,United States of America,Bachelor's,3,3,4,3,5,5,5,6,7,2,2,6,7,1,reduce some of the impact humans have had on the environment.,6,5,7,7,7,4,1,2,1
22/02/2024 23:27:00,NGOCVN04,34,Female,United Kingdom,Master's,2,4,5,4,4,4,4,5,6,5,2,4,7,1,help fight climate change,3,4,7,7,7,2,2,1,1
22/02/2024 23:58:28,SHMAHE06,36,Female,Canada,Master's,3,3,5,4,4,4,4,7,5,2,2,5,7,1,Help restore balance to ecosystems where humans have had a substantial impact on co2 emissions.,7,6,6,6,7,6,4,4,3
23/02/2024 00:07:37,CEMAHO05,32,Male,United States of America,Master's,1,2,4,3,3,3,4,5,5,3,6,5,7,1,help reverse the impacts of human kind's decisions on our planet. ,5,5,6,6,5,2,1,2,1
23/02/2024 00:19:44,ANFEGW25,31,Male,Canada,Master's,3,3,5,4,4,4,5,6,5,3,5,5,7,1,meaningfully preserve life on this planet while creating economic opportunity for everyone.,6,7,7,7,7,3,2,4,1
23/02/2024 00:44:45,MAJUBE15,34,Female,United States of America,Bachelor's,1,3,5,4,5,4,5,5,4,2,3,4,6,1,push back against climate change caused by human action and provide balance and a better future for our world.,5,5,7,6,6,3,1,3,2
23/02/2024 03:11:12,SAJURO25,38,Female,India,Master's,1,3,5,4,4,3,5,5,5,2,4,4,7,1,Help reduce global warming ,6,4,7,5,6,5,2,3,1
23/02/2024 04:12:25,SUJUTA25,21,Male,India,High School,4,4,5,5,5,4,5,6,7,2,3,4,6,3,"Carbon dioxide Removal is an opportunity to incorporate significant values and parameters in my solution that I am working in to lead the community action to conserve and preserve trees around them. I am making a solution which lets people in their own local region, visualize the trees around them, and how planting trees can improve their surroundings and well-being. ",6,6,7,6,7,4,2,3,3
23/02/2024 04:56:36,REJUOL05,38,Male,United States of America,PHD / MBA,2,3,3,4,4,5,4,5,6,3,6,4,4,3,"finally make a dent in the CO2 concentration in the atmosphere, which has been continuing to go up over the past years despite many apparent efforts to curb emissions. CO2 emissions are still on the rise, so clearly existing efforts to reduce emissions are not enough to even offset (let alone reverse) the world's hunger for more energy and a higher standard of living. That said, emission reduction on paper is several orders of magnitude cheaper than negative emission technologies, so I wonder if CDR is just wishful thinking.",6,6,5,2,2,6,5,5,5
23/02/2024 06:05:20,CAOCSA29,39,Male,United States of America,PHD / MBA,2,2,3,3,5,5,5,7,6,3,4,3,7,1,"Repair the damage we have done and will do to the climate. Humans are rarely proactive, so climate solutions will need effective, reactive methods.",6,6,7,5,6,2,1,3,2
23/02/2024 06:47:14,ALAUIN10,30,Female,United States of America,Master's,2,3,1,5,5,5,3,6,6,2,4,7,7,1,prepare for a better future,5,5,5,5,7,2,2,2,2
23/02/2024 07:17:34,MAJUBA29,31,Female,United States of America,Master's,1,3,5,4,5,5,4,7,7,1,4,5,7,1,give mankind a second chance to do the right thing for the planet,6,5,7,7,7,1,1,1,1
23/02/2024 13:43:01,KAMAJA23,20,Male,India,Bachelor's,3,3,3,5,4,4,5,6,5,2,2,5,5,2, Support Sustainable Development in almost every sector .,7,7,6,6,6,6,3,6,3
23/02/2024 14:16:34,BUJUYOSU,42,Male,United Kingdom,Master's,2,1,2,1,5,4,5,7,6,3,4,4,7,2,"create new industries, generate tax revenues and inform innovation.",5,5,7,6,4,4,4,4,3
23/02/2024 14:53:18,NIMAAH19,25,Female,United Kingdom,Master's,1,4,5,3,5,5,5,4,3,2,1,2,7,1,Repair the damage done by us,6,5,7,7,7,1,1,1,1
23/02/2024 15:58:36,THOCSI15,52,Male,Singapore,PHD / MBA,4,3,4,4,4,5,4,6,7,1,3,3,7,2,Create a world where we understand our place on earth better and an opportunity for us to investigate carbon-neutral systems in the future. ,6,5,7,6,7,5,5,5,6
23/02/2024 17:12:21,BEOCMH19,30,Male,United Kingdom,Master's,3,3,3,3,4,5,5,5,3,3,4,2,6,1,continue our way of life,7,7,7,3,5,5,5,5,5
23/02/2024 18:47:26,ROJUMYTH,20,Male,India,High School,3,4,4,5,4,5,4,6,7,2,6,5,7,2,keep our earth safe and ,5,6,7,6,7,3,1,2,1
23/02/2024 20:14:25,PAJUCI@^,25,Male,United States of America,High School,1,4,5,4,5,5,5,5,1,1,7,1,7,2,work side by side with like minded individuals on coordinating and developing new ways of reducing carbon emmissions in our environment and applying those resources to other matters in the world.,6,5,7,7,7,4,4,4,4
23/02/2024 20:18:40,Homamo4,56,Male,Canada,High School,1,3,5,4,5,5,5,7,7,1,7,6,7,1,Slow climate change,7,6,7,7,7,2,2,4,4
23/02/2024 20:20:28,MAJUOR19,42,Female,United States of America,PHD / MBA,1,2,5,4,3,3,5,7,7,1,5,2,7,1,have more tools at our disposal to mitigate climate damages,7,7,7,7,7,1,1,1,1
23/02/2024 21:55:18,MAOCCH22,37,Male,United States of America,Bachelor's,2,2,4,3,5,5,5,6,6,2,4,5,6,2,Mitigate/avoid enviornmental catastrophe. ,7,7,7,7,7,5,3,5,4
23/02/2024 21:56:27,RFLN82,34,Female,Germany,Master's,1,1,5,5,5,5,5,4,1,4,7,3,7,1,understand how our current processes work and create change ,7,7,7,7,7,7,3,3,1
24/02/2024 11:12:38,MOOCLI02,30,Female,Switzerland,PHD / MBA,1,3,5,4,4,5,5,5,5,2,2,6,6,1,tackle the climate change crisis.,7,6,7,4,7,3,3,3,3
25/02/2024 13:28:10,Eldebr02,38,Female,Uzbekistan,High School,1,3,5,5,5,5,5,7,7,4,7,7,7,1,save the planet,7,7,7,5,7,4,5,6,5
25/02/2024 18:01:34,KRMAHA13,43,Male,United States of America,Master's,1,4,5,4,5,4,5,7,7,1,4,4,7,1,Heal,6,6,7,7,7,4,1,4,1
25/02/2024 19:33:16,JUDEMA3,37,Female,Romania,Bachelor's,3,3,5,4,4,4,5,4,4,1,1,4,7,1,buy time until we minimize the usage of fossil fuel and cut back on our emissions,7,7,7,7,7,7,2,5,3
26/02/2024 13:13:26,OLAUMO25,24,Female,Russia,Bachelor's,2,3,5,4,5,5,5,5,4,3,2,5,5,1,Have a healthy future,6,6,7,5,7,1,1,1,1
26/02/2024 19:42:37,JOMAPO18,38,Female,United States of America,PHD / MBA,3,2,5,2,5,4,5,6,5,1,5,2,7,1,"Stabilize (and eventually reverse) the average global temperature in response to man-made release of greenhouse, gases via industrialization",7,7,7,7,7,4,2,3,2
26/02/2024 19:43:28,CAMABR18,35,Female,United States of America,Master's,3,3,4,2,4,4,4,5,5,3,4,6,7,1,Evade imminent environmental disaster! ,6,6,7,7,7,3,2,3,2
27/02/2024 01:05:02,MAMASI10,32,Male,United Kingdom,Bachelor's,3,4,5,4,5,5,5,5,5,4,5,6,6,1,"Slow and limit climate change, possibly even revert it altogether ",6,6,7,4,7,3,2,2,2
27/02/2024 07:27:37,HEAPTO9,31,Male,Canada,PHD / MBA,1,3,5,4,5,5,3,4,6,3,3,4,7,1,"make a business out of internalizing other industry's externalities. That is, it's an opportunity to profit from reducing the unaccounted for social/environmental costs of other industries. Furthermore, it is an opportunity to reduce the amount of GHG in the atmosphere and thus help us meet global goals regarding mean global temperature increase. ",5,5,7,7,7,2,1,2,1
27/02/2024 20:32:04,LIFEBO01,24,Male,United States of America,Bachelor's,3,3,5,4,4,4,3,5,4,4,4,4,4,4,Create a more equitable and compatible environment for human flourishing in the 21st century. ,3,4,4,3,3,3,1,2,1
16/04/2024 18:59:51,LUJALE23,37,Female,Germany,PHD / MBA,2,2,5,5,5,5,5,6,5,4,4,5,6,2,to explore potential solutions to reduce climate warming to buy us time to address dioxide emissions,7,7,6,6,6,6,5,6,6
16/04/2024 19:00:00,MANOPU01,28,Male,India,Master's,3,4,4,5,5,5,5,4,7,7,7,7,7,7,ensure we have a sustainable tomorrow.,7,7,7,7,7,7,7,7,7
16/04/2024 19:10:03,SEJAEL19,24,Female,Kenya,Bachelor's,3,3,5,3,4,5,4,6,6,4,3,6,7,3,Remove CO2 emissions from the atmosphere and reduce the climate change risk.,6,6,7,4,6,2,2,2,2
16/04/2024 19:10:05,VEJUSU27,24,Female,France,Master's,3,2,3,3,4,4,3,3,2,1,3,3,4,1,Reach Net Zéro :) ,6,6,7,4,6,4,4,4,3
16/04/2024 19:18:51,SUDEAT15,41,Male,United States of America,High School,1,3,5,2,4,3,4,5,5,2,3,6,7,1,establish a workable long-term framework for economic activity in every industry.,7,7,7,6,6,5,3,6,4
16/04/2024 19:45:05,MAMAVI20,52,Male,Netherlands,Master's,3,3,5,2,4,3,4,5,4,5,4,4,4,5,cover an existing demand on climate change fight with something real,3,2,5,1,4,6,5,5,4
16/04/2024 20:05:59,MA,25,Male,United States of America,Master's,1,2,5,4,3,5,5,5,4,2,1,6,6,1,Address climate change. Fossil fuel isn't leaving soon and we need methods to reduce the impact of fossil fuel use,6,5,7,5,5,4,3,2,2
16/04/2024 20:07:36,MAMANO26,34,Female,Switzerland,PHD / MBA,1,2,5,4,5,5,4,7,6,1,6,3,7,1,slow down the temperature rise,7,7,7,6,7,6,6,6,6
16/04/2024 20:56:56,CEOCLO03,59,Male,Canada,PHD / MBA,1,3,5,5,5,5,5,7,6,1,3,1,6,1,reduce the rate of global warming. It could provide the potential to mitigate the impact of historical carbon emissions. It is not a solution for stepping back from pursuing net zero technologies. ,6,6,7,7,6,5,1,4,1
16/04/2024 21:01:14,OLFEBA24,37,Male,Germany,Bachelor's,3,4,5,1,5,5,4,6,6,3,2,5,7,1,Diminish the worst impacts of climate volatility for future generations.,7,6,7,7,7,4,2,5,4
16/04/2024 21:05:10,CAJUNA9,38,Female,United States of America,PHD / MBA,1,2,3,4,5,5,4,7,7,1,5,4,7,1,"reverse the climate problem. While only one aspect of our pollution problem, we need to remove carbon dioxide from the atmosphere in order to maintain warming below tipping point levels. Mitigation is also important, but we can't ignore CDR as a path to correcting the warming trends.",7,7,7,5,5,3,3,4,4
16/04/2024 21:25:04,DADEBE11,50,Male,France,Master's,3,3,5,3,4,3,4,5,5,3,3,5,6,2,"...raise a little bit more enthousiasm than  anxiety when facing the climate crisis unfolding. People like me ready to consume less, buy less, adopt a more simple way of life will still be in need for a positive way to get involved. A politician once said that 'you don't fall in love with a growth rate', well, you won't fall in love with a degrowth rate neither...I believe that our instinct for creation and building things can not be shut off even if bending the course of the Business As Usual mega-tanker may be an almost impossible task.",5,5,7,5,7,6,4,6,5
16/04/2024 21:25:37,SHAPHA04,45,Female,Canada,High School,1,2,3,3,5,5,5,7,6,2,5,5,7,1,combat the damage humans are doing to the world,4,4,7,6,7,5,1,3,1
16/04/2024 21:43:44,MOJUJA01,23,Female,Canada,Bachelor's,1,4,5,5,5,5,5,7,5,1,1,7,7,1,Save the world from the human activities that were done by us - it is the only way to redeem ourselves from what has already been committed ,5,5,7,7,7,1,1,1,1
16/04/2024 21:50:31,LIJACH16,26,Female,United Kingdom,Master's,2,4,4,4,4,5,5,5,5,3,1,6,5,2,address the current need of tackling climate change due to insufficient actions taken in cutting emissions.,6,7,7,6,6,4,2,5,3
16/04/2024 21:51:18,AKSEAK09,38,Female,Kazakhstan,Master's,2,4,5,5,3,2,3,3,2,2,7,5,7,7,Avoid climate catastrophe ,3,4,5,3,4,2,6,5,2
16/04/2024 22:04:10,NGDENK1,30,Male,Nigeria,Bachelor's,3,4,5,4,4,4,5,6,6,4,5,4,6,5,Remove CO2 from the atmosphere,6,6,6,7,7,4,1,2,1
16/04/2024 22:19:11,REOCJU02,46,Male,Kenya,PHD / MBA,3,3,5,5,4,5,5,6,7,1,1,7,7,3,"save the planet from global warming. It is expected that developing countries will be more negatively affected by climate change than the developed countries. That is why i want to take the first step to save the planet for myself, my people and our future",7,7,7,7,6,6,6,5,6
16/04/2024 23:04:12,EVMAEL5,30,Male,Canada,Master's,3,3,5,4,3,4,4,6,6,2,5,5,7,1,"improve the health and quality of life of marginalized groups (i.e., mitigate climate injustice)",6,6,7,5,3,6,2,5,4
16/04/2024 23:24:11,FLMAAB06,26,Male,Nigeria,Bachelor's,1,2,5,3,4,3,5,7,7,1,4,1,7,2,"Carbon Dioxide Removal is an opportunity to help reverse climate change. It allows us to actively take CO2 out of the atmosphere and store it, complementing efforts to reduce emissions. This can help us achieve carbon neutrality and even remove more CO2 than we emit. While there are challenges, carbon removal is an important part of tackling the climate crisis.",7,7,7,5,5,2,1,2,2
16/04/2024 23:32:26,lomaci26,39,Female,United States of America,Bachelor's,3,2,5,3,5,5,5,6,6,1,4,1,7,1,"slow the heating of our planet to allow humans to re-organize, protect habitats, and be true stewards of this amazing planet. ",5,5,7,7,7,2,1,3,1
17/04/2024 00:00:21,BRMARNE18,46,Male,United Kingdom,Bachelor's,1,4,5,5,5,5,4,7,7,1,4,4,7,1,"balance the emissions humankind has relentlessly tarnished into our atmosphere, alongside the genuine scope to provide education of the global community to real world effects of not incorporating highly durable highly effective CDR into daily lives. A large aspect of concentration is for those large emitters whom must understand the importance of mitigation and reduction alongside removals for their hard to abate emissions and the vast quantities of legacy emissions.   ",7,7,7,7,3,7,7,7,7
17/04/2024 02:27:16,REDEAU29,42,Male,India,Master's,3,2,5,5,5,5,5,7,7,7,7,7,7,1,"Remove excess carbon that's causing GHG effects and reducing the Climate change impacts. Its an opportunity to find ways and means to sequester carbon, build more carbon sinks that could hold the human emitted extra carbon. If it could be transformed in a sustainable way it would be beneficial for all. ",7,7,7,7,7,3,2,2,3
17/04/2024 02:33:52,PUJALU10,33,Female,United States of America,Master's,3,3,5,4,5,5,5,7,6,1,2,3,7,1,realistically stabilize our climate ,7,7,7,6,7,6,3,6,3
17/04/2024 03:42:54,FIFECH18,30,Male,United States of America,Master's,2,3,4,4,4,3,4,5,5,2,3,5,6,1,rewind and undo the climate harm that we've unleashed in the past and to lessen the worse effects of future climate change.,6,6,6,5,6,4,3,4,4
17/04/2024 04:22:31,LANOLO15,45,Male,United States of America,Bachelor's,1,2,4,4,4,4,5,6,6,2,4,4,6,1,compliment mitigation efforts,6,6,7,7,6,5,2,5,4
17/04/2024 05:10:35,jojuco04,40,Female,United States of America,PHD / MBA,1,3,5,4,4,4,5,6,7,1,2,7,7,1,save ourselves from the current path of destruction we are on.,6,6,7,6,7,3,1,1,1
17/04/2024 07:02:28,RIAUMO31,38,Male,United States of America,Master's,4,4,4,2,5,5,2,5,4,2,6,5,6,2,unf*ck the climate to leave it in better shape for my kid and his peers,7,7,7,5,5,5,4,5,5
17/04/2024 09:30:02,ZENOED15,28,Male,Germany,Master's,2,3,4,3,3,4,4,5,4,2,4,5,7,1,combat climate change,6,6,7,5,6,5,4,5,3
17/04/2024 09:42:54,BAAPHE15,37,Female,Germany,Bachelor's,3,2,4,2,5,5,5,6,6,2,7,5,7,1,"Bridge the gap to the path of reducing carbon and carbon neutrality in the first place. In our capitalist,growth driven world, companies will continue emitting CO2e, so removal projects can be a way to mitigate the effects of emitting. ",6,6,7,4,7,5,4,3,2
17/04/2024 09:44:07,ELMAAJ30,31,Male,Nigeria,Master's,1,3,5,3,4,4,5,6,5,3,6,4,4,2,"To mitigate the effects of climate change by reducing the amount of greenhouse gases in the atmosphere. I strongly believe with the knowledge of CDR, global populations can help slow the rate of global warming and limit the severity of extreme weather events, sea level rise, and other consequences of a changing climate. ",7,7,7,7,7,3,3,3,3
17/04/2024 10:10:19,DEDEBE15,27,Male,Germany,Master's,4,3,5,2,5,5,4,5,6,3,6,7,7,3,"check so many boxes at once! Help the climate, build something cool, generate loads of co-benefits, and build a financially and emotionally rewarding career. ",7,7,7,7,7,6,2,7,6
17/04/2024 12:00:46,NESECH17,24,Female,United Kingdom,Master's,2,4,5,5,5,5,5,6,3,1,1,1,7,1,"prolong the viability of our planet, offering a chance for humanity to extend its time on Earth.",7,7,7,7,7,3,1,2,1
17/04/2024 14:44:00,ANAPAT03,31,Male,United Kingdom,Bachelor's,3,3,5,4,5,5,4,4,7,7,3,4,6,1,prevent a climate disaster ,5,5,5,5,5,5,5,4,5
17/04/2024 16:58:13,SOJADU27,28,Male,India,Master's,3,4,5,4,5,5,5,5,5,5,6,6,7,2,mitigate our Earth's climate change and leave it habitable for our future generations. ,6,6,7,7,7,7,6,6,6
17/04/2024 17:11:43,ANAUBO01,45,Male,United States of America,Master's,2,3,4,3,4,3,4,6,5,2,4,5,7,1,"1. opportunity to flatten warming curve so that humanity can reduce the suffering, injustices, aggressions, and societal instabilities from a rapidly changing climate that we are not adapted to.
2. give humanity more time to adapt and reorganize their societies and habitable geographies to a hotter world in a more equitable manner",6,6,7,7,7,5,4,5,3
17/04/2024 17:31:45,SIJUSA09,24,Female,United States of America,Bachelor's,1,2,4,2,5,5,5,5,5,3,4,6,7,1,become a useful tool in addressing the climate crisis,6,6,7,7,7,2,1,2,1
17/04/2024 17:48:31,DIAPTO14,41,Female,Canada,Master's,1,4,5,3,3,4,5,7,4,2,4,5,7,1,Mitigate some of the impacts from climate change.,7,7,7,7,7,5,3,5,4
17/04/2024 18:03:43,JOOCCH12,50,Male,United Kingdom,PHD / MBA,1,2,4,3,4,4,3,4,3,3,3,4,3,3,help improve the situation of the planet,5,5,5,3,2,2,1,1,1
17/04/2024 18:29:15,REJUKO22,28,Female,India,Bachelor's,3,2,5,5,3,4,5,7,7,2,1,6,7,1,save the biodiversity. ,6,6,7,6,7,5,3,2,2
17/04/2024 18:39:41,SAJUTE30,26,Male,Canada,Master's,1,3,5,5,4,4,5,5,6,1,4,6,7,1,"build a better future for humans, plants and animals.",6,6,7,4,7,2,2,2,7
17/04/2024 19:33:14,HRFEVA09,23,Female,United States of America,Bachelor's,1,2,5,5,5,5,5,7,7,1,5,4,6,3,"Rectify. While I do think it would have been ideal to be proactive to the point of not having to create technologies that remove carbon, CDR does allow us the opportunity to rectify our situation. ",4,4,7,5,7,1,1,1,1
17/04/2024 19:39:43,OLJUMO16,18,Female,Russia,High School,2,4,5,5,5,5,5,7,4,3,1,7,7,1,"protect yourself, people, children and the environment from the worst carcinogen and silent killer.",2,2,4,6,6,3,1,2,1
17/04/2024 20:10:56,KUJUAZ06,24,Male,India,Master's,2,3,4,4,5,5,4,7,7,1,1,5,7,2,"Save the humanity with the biggest threat climate change and global warming because if we 
analyse some points-
1.  According to the IPCC Report to limit global warming to 1.5 °C with no limited overshoot it would be require up to 310 billion tones of direct air capture and storage by 2100.
2. The atmospheric CO2 concentration increased by about 20 PPM from the 6000 BCE to the pre industrial period (1850 BC).
3. And since 1850, the concentration of CO2 has risen from 280 PPM to more than 420 PPM.
4. The world population never broken 1 billion mark until the early 1800s but till now world population has crossed 8 billion marks.
(May we ever full fill humans necessity without GHG Emission.
5.  Fossil fuels- including coal oil and natural gas- have been powering economics for over 150 years, and currently supply about 80% of the world's energy. ",7,7,7,7,7,4,4,4,4
18/04/2024 03:50:31,ELMAKU14,29,Female,United States of America,Master's,1,3,5,5,4,5,5,6,6,2,1,7,7,1,"decrease carbon emissions that we emit each year and therefore save the environment so that all humans, animals, and species can survive and thrive. ",6,6,7,6,7,3,3,2,2
18/04/2024 04:33:42,SUOCMU28,40,Female,United States of America,Bachelor's,2,3,5,4,5,5,5,7,6,1,5,7,6,1,"Look at various industries, reset policies  and companies operating structure to be beld more responsible, accountable for the waste they produce. We need to stop the current pollution, and start figuring out ways to clean up carbon emissions specifically in the plastic industries, in my opinion. ",3,5,6,6,7,3,1,4,2
18/04/2024 06:49:00,JODEAT13,43,Male,United Kingdom,Master's,2,5,5,5,5,5,5,6,7,1,2,3,6,1,Expand my knowledge and expand my business,7,6,7,4,4,2,7,3,2
18/04/2024 10:36:43,SADEHO27,23,Male,India,Bachelor's,5,3,5,5,5,5,5,5,5,2,3,6,7,1,"reset and rebalance our planet’s climate system. Carbon Dioxide Removal (CDR) techniques offer a path to mitigate the excess greenhouse gases that are not easily reduced through energy efficiency or renewable energy transitions alone. By actively removing CO2 from the atmosphere, these technologies and natural solutions can help achieve the global targets set under the Paris Agreement, striving to limit global warming to well below 2 degrees Celsius. CDR is particularly crucial for neutralizing emissions from hard-to-abate sectors and can potentially reverse some impacts of climate change, restoring ecosystems and enhancing biodiversity.",7,7,7,7,7,4,4,5,4
18/04/2024 14:53:59,YVJUZU07,25,Female,Switzerland,Bachelor's,3,3,5,5,5,5,5,7,5,2,5,5,7,7,limit the overshoot above 1.5C and enable net-zero!,7,7,7,7,7,7,7,7,7
18/04/2024 14:58:53,Olaumo25,24,Female,Russia,Bachelor's,1,3,5,4,5,5,5,6,6,2,2,6,7,1,Reduce  carbon emissions and save our planet,5,5,7,4,7,1,1,1,1
18/04/2024 16:33:23,SUOCBA12,29,Male,United Arab Emirates,Bachelor's,1,3,5,4,5,5,5,7,7,1,1,7,7,1,Mitigate some of the worst impacts of climate change that may not be attainable AFTER deep decarbonisation has taken place,7,7,7,3,7,5,1,2,1
18/04/2024 17:07:36,MAFENE18,39,Male,United States of America,Master's,1,3,5,4,4,5,4,6,6,2,5,4,7,1,alter the course of climate change.,5,7,7,7,7,5,4,6,4
18/04/2024 18:43:59,DIAUTA25,24,Female,Ghana,Bachelor's,1,3,5,3,5,4,3,7,4,5,7,2,7,1,mitigate the climate crisis and buy us the time needed to make a societal and behavioural change.,5,5,7,4,6,3,1,5,4
18/04/2024 19:26:05,MAJAVE09,25,Male,United States of America,Master's,1,3,5,3,3,5,5,5,5,2,2,7,7,1,to stay in the fight against climate change and reduce the effects of it ,6,6,6,4,6,5,2,3,3
18/04/2024 23:08:27,SHAPLO24,24,Female,United States of America,Bachelor's,2,3,3,4,4,4,5,4,4,2,3,3,7,1,mitigate the impacts of climate change and monetize the process to stimulate even more removal,6,6,7,6,7,3,1,2,1
18/04/2024 23:09:25,GADEWA29,30,Female,France,Master's,1,3,5,4,5,5,5,7,7,1,3,7,7,1,slow down climate change,7,7,7,7,7,7,1,5,2
18/04/2024 23:21:40,Cafeal10,36,Female,United States of America,Master's,4,4,5,4,4,5,4,7,6,4,7,5,7,1,reimagine business as usual,7,7,7,7,7,7,7,7,7
18/04/2024 23:22:36,CIMACA16,42,Male,United States of America,Bachelor's,2,2,5,4,4,5,5,6,7,1,2,3,6,1,"mitigate atmospheric temperature increases, once economically scalable.",6,6,7,7,5,2,1,3,1
18/04/2024 23:26:03,ANMANY25,28,Male,United States of America,Master's,1,3,4,3,5,5,2,6,5,2,4,5,7,1,"actively remove CO2 from the air and create viable products with it, lowering the atmosphereic CO2 while also creating economic value.",7,6,7,4,6,5,4,4,3
18/04/2024 23:35:07,NAOCRA04,29,Male,Germany,Bachelor's,3,3,5,4,4,4,5,4,1,3,3,3,7,1,stand on the right side of the history.,4,4,7,7,6,3,3,3,2
18/04/2024 23:39:27,NIMAAH19,26,Female,United Kingdom,Master's,1,3,4,3,5,5,5,4,4,2,2,5,7,1,Better the futures of the planet,5,4,7,7,7,1,1,1,1
18/04/2024 23:45:45,SUJUMU20,36,Female,United States of America,Bachelor's,1,2,5,3,5,5,5,4,6,6,7,6,7,1,SLOW MANMADE IMPACTS ON OUR EGOLOCIAL SYSTEMS AND AS A RESULT ON US,6,6,7,7,7,7,5,5,4
18/04/2024 23:54:53,CHMANK28,30,Male,United Kingdom,Bachelor's,2,1,5,4,2,2,3,2,7,6,3,4,5,1,Reinforce my knowledge to break into the industry,4,3,7,3,6,2,2,2,2
18/04/2024 23:57:44,IRFEHO07,40,Female,China,PHD / MBA,3,3,4,5,5,5,5,7,5,2,7,6,7,1,Reduce the impact of the CO2 to the world and to reduce the damage ,7,7,7,7,7,5,5,6,5
18/04/2024 23:58:29,LUFELO27,26,Male,United Kingdom,Bachelor's,2,4,3,3,5,5,4,6,6,3,4,5,7,2,"Allow us to hit the greenhouse gas targets required in order to avoid the worst of climate change. From most predictions, we can't achieve this without in part some GGR technologies. ",6,7,7,4,7,3,3,3,2
19/04/2024 00:04:27,,28,Male,United States of America,Master's,2,2,5,3,5,5,5,3,4,3,4,3,4,3,Innovate the clean tech industry and show how our everyday activities can lead to raw materials sequestered from the air or source points ,3,3,3,3,3,2,2,3,2
19/04/2024 00:05:09,FEMAWO29,65,Female,United States of America,Master's,1,3,5,2,5,5,5,5,5,2,4,3,7,1,undo some of the damage we've done,7,7,7,7,7,4,3,3,2
19/04/2024 00:21:14,PADEME25,61,Male,Mexico,PHD / MBA,2,4,5,3,1,4,2,6,6,2,7,5,7,1,HELP SLOW DOWN ECOLOGICAL DISASTER,3,3,7,6,6,1,1,1,1
19/04/2024 01:02:17,SUOCMU28,40,Female,United States of America,Bachelor's,4,2,5,5,5,5,5,6,7,1,6,7,7,2,"start the first step in trying to restore our forest, ocean life, earth and a chance to reset the path for more sustainable companies and industrialization. ",7,6,7,7,7,3,1,1,1
19/04/2024 01:23:00,NADEBA05,43,Male,United Kingdom,Master's,1,2,3,4,5,5,5,6,6,2,2,4,7,2,rebalance our ecosystem within our life span,6,4,7,6,6,5,5,4,4
19/04/2024 01:25:53,KAJUSA20,35,Female,United States of America,Bachelor's,3,3,5,3,5,5,5,6,7,3,5,4,7,1,bend the carbon curve,6,6,7,5,7,5,2,4,2
19/04/2024 01:49:03,DIJUIP28,53,Male,United States of America,Bachelor's,1,3,5,3,4,4,4,6,6,4,6,4,6,4,Reverse impact of global warming ,7,5,7,7,6,2,1,1,1
19/04/2024 02:46:34,LYJUDA08,47,Male,United States of America,Bachelor's,1,3,5,3,5,4,5,7,6,2,4,3,7,1,Help save millions of species from the worst ravages of climate change. ,4,4,4,4,4,3,1,3,2
19/04/2024 03:35:56,NAMASU31,30,Female,Canada,PHD / MBA,2,3,4,5,5,5,5,6,6,3,2,4,6,2,restore the natural beauty that was experienced by the generations before me.,6,5,7,5,7,5,4,4,4
19/04/2024 04:45:12,INMACH04,39,Male,United States of America,PHD / MBA,3,4,5,5,4,4,5,6,7,2,2,5,7,2,Reverse some of the environmental damage we have already done to the planet,6,7,7,5,6,4,2,3,2
19/04/2024 07:11:40,DSNODS18,32,Male,India,Bachelor's,3,4,5,4,5,5,5,7,6,1,5,4,7,1,Go Green & clean,6,5,7,7,7,4,3,6,3
19/04/2024 07:26:33,MODECHO21,32,Female,United States of America,Master's,3,3,4,4,4,2,3,5,5,2,2,4,7,2,"To start undoing the environmental imbalance humans have caused in the past centuries, and try to keep the planet livable for us for as long as possible.",6,6,7,7,7,4,2,3,3
19/04/2024 09:14:09,RADETH22,25,Female,India,Master's,3,5,5,4,4,5,5,6,5,2,1,7,7,1,develop a profitable venture by selling solutions.,7,7,7,7,7,4,1,3,3
19/04/2024 09:50:58,MUDEKA09,22,Female,Uganda,High School,5,4,5,5,3,4,5,7,7,1,1,7,7,6,Save nature,6,6,2,2,7,5,6,6,5
19/04/2024 09:52:06,MAFERO12,23,Female,United States of America,Bachelor's,1,3,4,2,3,3,5,5,5,2,1,4,7,1,Make large scale positive environmental change ,7,7,7,4,7,6,2,6,3
19/04/2024 09:58:06,RAFETU15,34,Female,Mexico,Master's,2,4,5,5,5,5,5,7,5,3,4,5,7,1,Protect our planet for the generations to come,6,6,7,7,7,4,2,2,2
19/04/2024 10:18:54,MAOCDO04,34,Female,United Kingdom,Master's,3,4,4,5,4,5,5,5,5,4,7,6,6,2,help save the environment and prevent future natural disasters,5,5,7,7,7,3,2,2,1
19/04/2024 10:34:53,Chmank28,30,Male,United Kingdom,Bachelor's,2,3,5,5,4,3,5,6,7,2,2,4,6,3,To learn ,5,5,5,4,7,4,4,4,4
19/04/2024 10:44:58,Codeto08,43,Male,Canada,High School,3,4,4,1,5,5,4,4,5,2,3,2,4,1,I’m not sure,6,6,7,7,3,1,1,1,1
19/04/2024 11:22:23,UMJAKI16,19,Female,Rwanda,High School,1,4,5,5,4,5,5,6,5,3,7,7,7,1,Save the world ,7,7,7,4,5,1,1,1,1
19/04/2024 13:03:08,LYMAKA19,37,Male,Netherlands,Bachelor's,2,4,3,1,5,5,5,7,4,4,5,4,7,1,reduce our global carbon footprint,7,7,7,2,7,4,1,4,1
19/04/2024 13:17:22,EMJUKO03,28,Male,United Kingdom,Master's,2,4,5,4,5,5,5,6,3,4,4,4,4,4,Make a meaningful positive contribution. ,7,7,5,1,3,5,3,7,3
19/04/2024 13:27:41,EMJUKO03,28,Male,United Kingdom,Master's,2,4,5,5,5,5,5,5,3,3,4,4,4,4,Create a meaningful impact.,7,7,7,2,2,7,3,6,5
19/04/2024 13:39:32,MIJUSF04,36,Female,France,Master's,3,3,5,4,5,5,4,7,7,3,4,4,7,1,"save our planet, undo a century+ of heavy pollution, not fear the summer when it comes, save our forests from preventable fires",7,7,7,7,7,4,4,6,5
19/04/2024 15:36:48,Dylan Maxwell,56,Male,Canada,High School,1,1,5,5,4,4,4,7,7,2,7,4,7,1,Slow the speed of climate change,7,7,7,7,7,6,5,3,3
19/04/2024 16:15:01,WOMAIN1,27,Male,United States of America,Master's,1,3,5,5,5,5,4,6,7,2,3,2,7,1,remove co2 out of the atmosphere via nature-based and tech-based solutions.This includes different processes for pulling existing and legacy co2 emissions and varied processes for storage (and in some cases utilization).,7,7,7,7,7,4,1,3,2
19/04/2024 17:00:44,CYMAKA10,30,Male,United States of America,Master's,1,2,5,5,5,5,5,6,6,2,4,1,7,1,empower local communities. ,6,6,6,3,6,4,2,3,3
19/04/2024 17:15:59,JAOCUP31,36,Male,United States of America,Master's,1,3,5,2,5,5,5,7,7,1,7,4,7,1,Leverage attention and funding from the biggest companies in the world to fix the major nexus problems that are facing society. ,6,7,7,6,7,7,4,7,7
19/04/2024 17:59:44,LAJUSA23,46,Male,United Kingdom,Bachelor's,1,4,5,2,5,5,5,6,4,3,4,4,7,2,slow climate change and eventually reverse it,5,4,7,5,4,5,4,5,3
20/04/2024 01:26:49,chmaqu11,52,Female,Canada,"Trade Certificate, some Uni",1,1,5,3,4,3,5,7,6,2,4,7,7,1,"Clean up the mess we made. It should not be used as a free pass to just continue creating more emissions. We need to reduce what we are doing, find alternatives, and make sure our past doesn't affect our (meaning Earth and everyone/thing on it) future negatively. ",6,6,7,7,7,4,2,4,4
20/04/2024 10:12:07, NAJULE14,47,Male,Finland,Bachelor's,2,4,5,4,4,4,5,7,5,2,5,2,7,2,possibly mitigate future consequences of  climate change,7,7,7,5,7,5,2,4,3
20/04/2024 14:21:04,XUSEDU30,24,Female,United States of America,Bachelor's,3,3,5,5,5,5,4,6,7,2,1,3,7,1,Improve ur environment ,6,6,7,7,7,4,1,2,1
20/04/2024 19:56:44,JODEAT13,43,Male,United Kingdom,Master's,2,5,5,5,4,4,5,6,7,1,2,5,7,2,speed up path to energy transition,7,7,7,4,6,2,1,2,2
22/04/2024 12:49:19,LUFELO27,26,Male,United Kingdom,Bachelor's,3,4,3,4,5,5,4,6,6,3,5,4,7,1,Avert the worst impact of climate change by beginning part of the requires solution to reach net zero. ,7,7,7,3,7,4,2,3,2
22/04/2024 19:59:58,FAMANY10,32,Female,United States of America,Bachelor's,3,3,4,4,5,4,5,6,6,2,6,1,7,1,pivot humanity away from its current trajectory of ecological disaster,5,6,7,7,7,4,3,5,4
22/04/2024 20:26:36,LUAPIS20,51,Male,Italy,PHD / MBA,3,1,4,2,4,4,5,7,3,3,2,2,7,1,heal the planet,5,5,7,7,7,4,2,4,4